,0,1,2,3,score,bestAnswer
0,pmJqb7-EckluXUk6Rtml6A,Chinese,3,83,0.6,0.0
1,FZQ-l92qE1NqpI5lbmAM_g,Indian,3,11,0.7,0.0
2,cJfbydHniqWsGL2VHVDHEg,Indian,4,210,0.7,0.0
3,qu3niqEXOUdNxCCXnSPBYg,Chinese,4,56,0.6,0.0
4,B_kcyXzmkJlFI9pSl7PHvw,French,5,54,0.7,0.0
5,FXhSEZfIqjMZh4hR0_8jMQ,Chinese,4,378,0.6,0.0
6,VC1udoc_sbHdFaBr0-bMsA,Indian,4,47,0.7,0.0
7,ejmJTjHzdMxoq3t7pnnjrg,Japanese,4,116,0.5,0.0
8,HDoJIH-qW9FqJ5WB-bKTqA,Asian Fusion,4,61,0.8,1.0
9,MSVftNJ5lwPK9TQtHayaPQ,Japanese,4,111,0.5,0.0
10,PqqnNrUtU7XTKQvUM4cyqQ,Mexican,4,150,0.6,0.0
11,R7PHDW6wKzYHOOh4f6MrzA,Halal,3,22,0.7,0.0
12,w5OkGoc_gcA3EA399aV1Jg,Indian,3,160,0.7,0.0
13,FkA9aoMhWO4XKFMTuTnl4Q,Mexican,3,219,0.6,0.0
14,MXstrG3HjF83LcxAd8OpTw,Cantonese,4,59,0.5,0.0
15,xFp3xSQ43J-i7nmJfNBsZA,Sushi Bars,4,472,0.7,1.0
16,KT8Th7GSEdBiIhkIlqOV5g,Himalayan/Nepalese,3,6,0.8,1.0
17,MzIUB4_G9TemKsPZJkelIw,Indian,3,329,0.7,0.0
18,TCJrcryBkI6eg2HYThoiKg,Seafood,4,313,0.7,0.0
19,XaEFFUabnbH8ZF7ccmSAlQ,Chinese,4,155,0.6,0.0
20,OHD58Nwnf5sSMpSgpiUk3Q,Indian,4,3,0.7,0.0
21,IFZ3_d01uflGixWrrD8_gg,Afghan,4,455,0.6,0.0
22,XH2CNWlLU2HXROsT5NkCmA,Fast Food,3,91,0.5,0.0
23,enDIsmxSG2bQccQWgGNcbg,Coffee & Tea,4,166,0.7,1.0
24,32163sAKsk3y_HagU9oIUA,Middle Eastern,4,90,0.8,1.0
25,5iciHq6BV3hOKpxTXKEzVA,Brazilian,4,236,0.6,1.0
26,WtaM26GHmDBiUpVB4lnl2w,Indian,4,1,0.7,0.0
27,bgMbt6XbOaAu5VNXr5kCdQ,Indian,4,204,0.7,0.0
28,jRiMLcjWiNfGJlQbu12-HQ,Indian,4,2,0.7,0.0
29,dpCSDy9uefOEcY44FHss2Q,Chinese,3,388,0.6,0.0
30,H89jrU17lNnguPaHbmzhAw,Cantonese,3,266,0.6,1.0
31,R1eZIyH8dOECfqUGGcANdQ,Chinese,3,18,0.6,0.0
32,HnFHxQUSviXVa1FUGR-Hjw,Tapas Bars,4,148,0.6,0.0
33,FXDMFBM-rV2s5MHzA33d2g,Indian,4,209,0.7,0.0
34,uPW_isMEB92IDrX04pLK1g,Indian,3,301,0.7,0.0
35,DEHWHskp2gSAkfdylc4SNA,French,4,241,0.7,0.0
36,01m-oqxaCifh0s0eU03bBg,Chinese,3,59,0.6,0.0
37,l7E6lpov_VPbhrxjWT-76Q,American (New),3,311,0.8,1.0
38,Ubjy_YwMiU69kdSaXC9bgw,Wine Bars,3,165,0.5,0.0
39,SNNDz7nTCL1lf9yEY5DaBA,Mexican,3,19,0.6,0.0
40,cOnQnP9GwyvhQjCJbSz5Fg,Pakistani,3,8,0.5,0.0
41,hcI6TVxFyVNEPXg3rF1bQw,Mexican,4,98,0.6,0.0
42,DfYRsSozlq-z5ovrWsZvmQ,Indian,3,21,0.7,0.0
43,FyFeyjndrXHDnN-z9-qv_w,French,4,201,0.7,0.0
44,9iZM0dGGP4xJsyHj_7Dj8Q,Chinese,4,15,0.6,0.0
45,xhH_7pRMIpj8c9ZXfH5v4Q,French,3,131,0.7,0.0
46,agCuWjaUJ8xBO_PDDQRiGw,Chinese,4,111,0.6,0.0
47,ak9vroilf-vpA_GSNWX2Jg,Seafood,4,397,0.6,0.0
48,2DGTVgGGme6CoXFCgooqVw,Bangladeshi,4,20,0.7,1.0
49,fjjzAn0j6zCs2SNViuNfwQ,Indian,3,265,0.7,0.0
50,oJjMYhA6z1_BVaQpSdyl8g,Chinese,4,143,0.6,0.0
51,utbWLB3zYR1o__iDI9-Xgg,Himalayan/Nepalese,2,18,0.8,1.0
52,Okbtt-ISFB3kuoxkl2wVgg,French,5,84,0.7,0.0
53,YB3Zygy4g4ga6jDFqjfsAg,Indian,4,9,0.7,0.0
54,m1sfDqgDiKKyUaXo9DWVeQ,Vegetarian,4,263,0.7,1.0
55,fNxI--522GxiStC-J3SnTw,Indian,4,20,0.7,0.0
56,bQPU31GkNo3TkPnq7iSngg,French,4,192,0.7,0.0
57,REIcoQFvGB7B6S0GmqHo1A,Japanese,4,108,0.5,0.0
58,NH7Ws65ZwlmOosiblfGTRw,Indian,3,60,0.7,0.0
59,ApAGKaGPzxcFV3NVHROh-w,Chinese,4,4,0.6,0.0
60,OINi1A9bSUUN5vi7xgi3ZQ,Sushi Bars,4,60,0.6,0.0
61,FEhAl2T2UGwnsdvjLIQbQA,Salad,3,172,0.7,0.0
62,RyVOeKAWLT2srJqpGNFHXw,French,4,14,0.7,0.0
63,k8GFfCXO2FIIJIo0ICYSRA,Noodles,4,111,0.6,0.0
64,Rk6TXh7nINbzJoGtI2C5cA,Indian,3,76,0.7,0.0
65,jKCSGAMyS0KIcS-vKpEuaA,Food Stands,4,102,0.7,1.0
66,Gb8-qn-E0g-jOPnwJSelUg,Bakeries,3,98,0.5,0.0
67,ZCAkVl5SeCDeBWg_xjfYeg,Chinese,4,235,0.7,0.0
68,EVaeiIE_p0m2LkeG6rhh2g,Indian,5,1,0.7,0.0
69,BOz0qTUMtAfljd3Vn1rerQ,Japanese,4,157,0.5,0.0
70,kHlYnhMOoMBbe3VCZflpKQ,Chinese,4,117,0.6,0.0
71,Qgv2vyUV-DwK8YwrhU-jtw,Szechuan,3,105,0.5,0.0
72,WbCZW0OBcakQ9oxsLsw8vg,Indian,3,137,0.7,0.0
73,NztBFASX-zzg0tROoLiKOg,Indian,4,52,0.7,0.0
74,eL1ojVz0QYCZ7xJOii46LQ,French,5,40,0.7,0.0
75,K7u5sEQW1LcIJxjpUS1STg,Indian,5,1,0.7,0.0
76,L3PwWn54PvHm5Rd4oUg7xw,African,4,69,0.6,0.0
77,xdioStDO8FAyQiZWHJiGZQ,Indian,4,189,0.7,0.0
78,E2gIY7uWsmvpcUKItVOJoA,Wine Bars,4,38,0.5,0.0
79,4FD0TAxe70nb3ngk3sXF9Q,Tea Rooms,4,91,0.5,0.0
80,_QxcsvPsYnOgPhiK6gzCfg,Sushi Bars,4,42,0.6,0.0
81,fuS39acPaRi38DhSSwEI4Q,Italian,4,312,0.7,0.0
82,K8Z10Tx2rwx6CcHV8FcuJg,French,3,430,0.8,0.0
83,ahKL-52Ogn7iPFjhQbbb3w,Halal,4,16,0.7,0.0
84,WSesw7dMYKmF3XHqD0K0WQ,Indian,3,246,0.7,0.0
85,wdGMVLUzocmnl2tST0lheg,Chinese,4,81,0.6,0.0
86,hXqrA_Z3jZ8Q1O6ZehWSwQ,Afghan,4,302,0.7,0.0
87,KUW8hx5kinOT_XJj3ttCDQ,Chinese,3,49,0.6,0.0
88,bKXnm2k44mSdU0fP69lY-g,Szechuan,4,270,0.5,0.0
89,XwB2qg5lN1oX2_ccyO515g,Chinese,3,58,0.6,0.0
90,ojeMH0rbOOMx9ajChbVkJQ,Mexican,3,394,0.6,0.0
91,aSbrPkclNZXBtA2k69Agsw,Wine Bars,4,17,0.5,0.0
92,GNbzHUMc2BB23-kW4cJboQ,Sushi Bars,4,74,0.6,0.0
93,iXrKGRzIZK0pp31mO3nBzA,Indian,4,115,0.7,0.0
94,J9pgjC191T-odCmTAG-grQ,Mexican,4,300,0.7,0.0
95,PTYUAAJbEmvIv4EsyRrcnA,Sushi Bars,4,401,0.7,1.0
96,NdO1fbZL1DGi_WRyV1_sgQ,Indian,4,9,0.7,0.0
97,56PeolgNURAG4x6q7nanmw,Japanese,5,8,0.5,0.0
98,A-ert0jDRBfku9ogyW_mEg,Chinese,4,353,0.6,0.0
99,zyG1GIU3KnIZ3bOVGgJXlA,Barbeque,3,108,0.5,0.0
100,_cD0QQhvA1zft3GBLnkg4g,Chinese,4,1,0.6,0.0
101,ju6btoDb3UFhnmmPwrOWgA,Caribbean,4,7,0.5,0.0
102,aixlpNVteSFpBS9o_HUsNQ,French,3,252,0.7,0.0
103,PwK_4LPh7yQ2VcIGKNKLNw,Indian,3,12,0.7,0.0
104,iBPQRnM_TMQX6tYdjCbCXA,Italian,4,361,0.6,0.0
105,Rmm6fu7kejcnMoSlVLyl3w,Basque,4,77,0.7,0.0
106,_FICyzFLQxR7N62I6qU94A,Sushi Bars,4,61,0.6,0.0
107,X4hEgOBOLTYFhlWO-gAFxQ,Shanghainese,4,88,0.8,1.0
108,Sj2StOWkhHIPE6_sS5RMCQ,Shanghainese,3,224,0.8,1.0
109,nZ0Y8ngCxpY3xlz4f4pNTQ,Modern European,4,395,0.9,1.0
110,oJZq1JmKalXXjqWRKfIjwA,Sushi Bars,4,413,0.7,1.0
111,0dQ0z5qAqg9CmMmbEDs7rg,Indian,2,15,0.7,0.0
112,ylXJn53D2FLrIV0yOLHawQ,Sri Lankan,4,9,0.5,0.0
113,IO9mQ3xkj8W3cv542rt0hg,French,3,132,0.7,0.0
114,7VciT24JTq32X7BNLO7EJQ,Asian Fusion,4,13,0.8,1.0
115,fAPkN79fe7Gjq7A6fj6s9Q,French,4,77,0.7,0.0
116,ry7XCoXXxS0DxRmzZLFybw,Bars,4,47,0.6,0.0
117,7tJq-a_K-yKOWSqyXVOlFg,Trinidadian,4,116,0.8,1.0
118,aPThNhqjq5rfN9c8ykcarA,Noodles,3,14,0.6,0.0
119,EVZeqLPpfXrygmgamjD5_w,Sushi Bars,4,34,0.6,0.0
120,hq09sqXaYiEogbTrrJ9X5g,Italian,4,94,0.6,0.0
121,AlfkFxfD-cUBGA3Eq3j0Uw,Indian,4,249,0.7,0.0
122,HjUwZOlok1TabhS4S1ya2w,Noodles,4,106,0.6,0.0
123,hWkbadE0u-Eiqg9SAm176Q,Chinese,3,56,0.6,0.0
124,FdCQmAHzhbHuaP5lcsYs6w,Japanese,4,42,0.5,0.0
125,dDXtga5Kgo5B1twdezcZJA,Chinese,3,322,0.7,0.0
126,wo7-TKh4B37RTBjPNtkp7w,Szechuan,3,65,0.5,0.0
127,UFRW4RurzgXnn3eeZXLjJQ,Indian,3,3,0.7,0.0
128,Gb79W0yuQfJvu0V0SDC0Ag,Japanese,4,277,0.5,0.0
129,c1HgKFOT4Cc7TqWQD5mQBQ,Food Stands,4,63,0.7,1.0
130,ItocvsIyniVxMARBkHZaoA,Indian,4,37,0.7,0.0
131,ATrDmKiZ-YrAcG3hR7LLgg,Indian,3,101,0.7,0.0
132,1rjxNwYpg0orCcZi0ku9Nw,Sushi Bars,4,360,0.7,1.0
133,trkn76h8vQeB8kCUgHJyuw,Indian,3,8,0.7,0.0
134,kNOr6_g6QfBHdhf89j3g5w,Taiwanese,4,384,0.7,1.0
135,15R8rx9SHKNVYBwgAuTyGA,Sushi Bars,4,148,0.6,1.0
136,yMl8P4RIUWeGDaKZu9iEzA,Brasseries,3,29,0.7,1.0
137,H87c1gVVCKneyI0LxaDFxQ,Chinese,5,5,0.6,0.0
138,0Q3xCYWK2N-wJfXjLa9dFg,Modern European,4,349,0.9,1.0
139,aczqK-esIyqhyk7QLqcc1A,Indian,3,242,0.7,0.0
140,3eBV6HwWcdHzJW3sUH-2hw,Ramen,3,23,0.8,0.0
141,c0wVqxD-_hvvS6d98t5pQw,French,5,1,0.7,0.0
142,vnf1WSV7dTmOeOkIJ46hiw,Indian,3,46,0.7,0.0
143,JvV8sTgUX6abRQPzb3hLgg,Indian,3,107,0.7,0.0
144,iPc-zPgcpgeSo76xl5Jbpw,Korean,4,366,0.7,0.0
145,pL6cM2TPwvXqeGTrg7yN4Q,Italian,3,302,0.7,0.0
146,pySuU21NBcNpM0mr3_bggg,Indian,3,179,0.7,0.0
147,nBoOm-TAhRvbcDkHfKOwGg,Indian,3,101,0.7,0.0
148,K_s7EXV9Ly5jlxyNZ39QDg,Indian,3,23,0.7,0.0
149,bOHWY14f1u8rR1t2ggmbYw,Bars,4,395,0.5,0.0
150,yqKzYJHASzNlytsMUmyAsw,Indian,3,30,0.7,0.0
151,9v-JAffC6qw8Xp67BICByQ,Hot Pot,3,413,0.7,0.0
152,7UJRw4Klt5yfE7q9vznEHA,Afghan,4,157,0.7,0.0
153,kQMXY2fshQFGdP8lwDMM6g,Indian,4,173,0.7,0.0
154,jlH66jTIZUwX5MT1D-lhvg,Pakistani,4,31,0.5,0.0
155,UOaXJyVrr9l1XO7lGaT-bQ,Indian,4,51,0.7,0.0
156,eoz2NahxyivVRs8Ll9Ljjg,Wine Bars,4,206,0.5,0.0
157,iiwV70LVeKi9_ZTlCFhfZg,Indian,2,5,0.7,0.0
158,DLnn2qw-KJAmazB-hMmSEw,American (Traditional),4,144,0.9,1.0
159,uDWRGAtDW1z7lWpRCfuXAg,Bakeries,3,366,0.5,0.0
160,B6bEkY9sJ_GU2pD2Rwb4gg,Mexican,3,431,0.6,0.0
161,o21M4dKM4KQbzGVrlq_3Iw,Indian,3,140,0.7,0.0
162,TB9jN3Fe-JHjyjYWmIQ_EA,Indian,4,1,0.7,0.0
163,croh2zWlbPyCQTNS11klcg,Szechuan,4,132,0.5,0.0
164,xGoSAOhQBNdJMJmPn7CMDQ,Mexican,3,419,0.6,0.0
165,tCuPhpmf1PaYe5dmwdq8Ew,Mexican,4,109,0.6,0.0
166,xOL2SC34gdhKHSbyaDz9BA,Chinese,3,148,0.6,0.0
167,QJTLAOMNvhV1_jPfcQ_qPw,Sushi Bars,3,155,0.6,1.0
168,eob2iJPiR7-r2w4he0Tuig,Delis,3,199,0.7,0.0
169,i9EgpwRQVS8kEcgbyEzOeQ,Indian,2,4,0.7,0.0
170,9OUXhF3r1CVF8jahUanMbg,Mexican,3,349,0.7,0.0
171,F3mRjSCTKlA1qj7OiRikiQ,Indian,2,2,0.7,0.0
172,f_qqR6Lvv4zjthcfI_jRlQ,Bakeries,3,101,0.5,0.0
173,Bwj7nzWphGV6FaZ_ygTSOg,Chinese,3,135,0.6,0.0
174,1TLoaB7SXJZo3W5f4OGm8w,Indian,4,294,0.7,0.0
175,zv0mrfqDWW6o3-rX0U7_Sw,Indian,3,11,0.7,0.0
176,pwarWuPn7Aw_il-epzJEgg,Ethiopian,3,302,0.6,1.0
177,KSleHGTG1yL1E7OEFFPoNQ,Szechuan,4,67,0.5,0.0
178,jW22gmsZjh5hFJsC1qUDOA,Wine Bars,4,342,0.5,0.0
179,rPKXTHDgtGI4XEo2HuVpow,Australian,5,39,0.7,1.0
180,8uiUqUJhtszw_vdwRYh5_A,Modern European,4,66,0.8,1.0
181,zSCp9pjEQ_M3LBuPRDo-Bg,Indian,4,287,0.7,0.0
182,zoecS39PRpV9HhT1QYXQLQ,Wine Bars,4,70,0.5,0.0
183,MeyBDyi-wxPm9ytY9Npalw,Indian,4,1,0.7,0.0
184,EPHhPGDFvnq2ARTBxAikuw,Indian,3,496,0.7,0.0
185,mVaslo987DCd3YC_0FtWxA,Mexican,3,421,0.6,0.0
186,et9pAFtSvNOct9Qcmtcf7g,Japanese,4,176,0.5,0.0
187,-u9yPjmvZilrXYM8JlKG6w,Sushi Bars,3,51,0.6,0.0
188,ipv4lBvbfVzCnSahqrJckQ,Szechuan,4,284,0.5,0.0
189,U3hvDT5CtQrnpg2zhJg3mQ,Halal,3,172,0.7,0.0
190,ptWTdgSzSpH-0LD24QIH-w,Asian Fusion,3,34,0.8,1.0
191,Je2MuObgrne2wSKhD5MZ0w,Japanese,4,194,0.5,0.0
192,5_9jnbe_izc3l9tbG_QdvA,Southern,5,4,0.5,0.0
193,iSiOfm9CdUhbS0eDHPHUNA,Indian,3,69,0.7,0.0
194,lw4ZMgn-QBh_5W1ipNHjaw,French,3,67,0.7,0.0
195,7_NCS8bQ8UA_nEANIWm-hQ,Halal,2,42,0.7,0.0
196,ir1jLDagZiMaHo7My4oUDg,Mexican,3,328,0.7,0.0
197,xR2Yeb_Nh0MOAiUIaqaVOg,Wine Bars,4,322,0.5,0.0
198,JtmzTnEDpS03tMytXOPUQw,Halal,4,38,0.7,0.0
199,M85t-iOAbMpO9mVIKAgwMw,American (New),4,128,0.8,1.0
200,zi4fUgOwwGB5PYR2xq0OCQ,Indian,4,246,0.7,0.0
201,rSY3MyWqpuy3dNuUN4zQ_g,French,4,406,0.7,0.0
202,YY-qRDgWpHM4Rf7PZ2zwmw,Noodles,4,55,0.6,0.0
203,sR-KTsDa4vafaDak9Ik2sQ,Chinese,3,245,0.7,0.0
204,NInbW8FuHAFwz354Ebm4VA,Salad,3,79,0.7,0.0
205,cpfBJVV-5Jo5w2KcbOBtVQ,French,3,453,0.7,0.0
206,sQw7aEos_0FmO0UFtrJokg,Chinese,4,2,0.6,0.0
207,P5mFtOSiQmplOj0yVP13PQ,Indian,3,375,0.7,0.0
208,6kCo3xb87Sc3Aa5ZSWzNnw,Ramen,3,328,0.6,0.0
209,bAPDGHHaLZs-XEFk7ZXGVA,Vietnamese,3,171,0.7,1.0
210,ix1GGoQL_n2OGhMoMW2mzA,Indian,2,1,0.7,0.0
211,CyIf24YrOuiikkYVnHjoog,Lebanese,4,132,0.5,0.0
212,pf_84vrm2-Ir0mVwzK8VNw,Indian,3,89,0.7,0.0
213,k4ds_s6y8S46WzVIolypLQ,Wine Bars,4,116,0.5,0.0
214,479rycCXZojMT9S0cl8Oxg,Japanese,4,133,0.5,0.0
215,npiIhpcWePbVT3JYEcy3zg,Indonesian,4,55,0.7,1.0
216,PGeL1b4xNJggpZsHEGoxjg,Chinese,3,368,0.6,0.0
217,T1bgtJcjtc-6xykWqBRfUw,Ramen,4,379,0.6,0.0
218,EZo6MdrZ_EH_MzUl93xkyA,Chinese,4,130,0.6,0.0
219,AEkpyAGcVe5NgH2Nb7fCNQ,Chinese,3,198,0.6,0.0
220,eT39RKlQ8i5Z4ml0ZwUK-Q,Wine Bars,5,69,0.5,0.0
221,BxnrBKdLwdaEXyq97uxgKg,Latin American,4,315,0.8,1.0
222,OkiPb6gNNRmcbB4zIIMx0g,Wine Bars,4,39,0.5,0.0
223,l_RAv09V67j-Hm9dyZxWhw,Japanese,4,380,0.5,0.0
224,wDuf4Qz9qsC62amLZgWNJQ,Shanghainese,4,286,0.8,1.0
225,XBZkwp9lNsZfjD3ejBE7Yw,Halal,5,1,0.7,0.0
226,-Exv1AEsaKU6Cdb2TO_ZUg,Sushi Bars,4,78,0.6,0.0
227,_ZxbRvQDWD3uVu3o9df82A,Indian,5,1,0.7,0.0
228,T-oHllUXvyGBvhn3id5Vwg,Sri Lankan,4,109,0.6,0.0
229,XF9MChLaOvtaFV-bReLBqQ,Thai,2,101,0.6,0.0
230,HwvG1FXbVunyHOZCYZSblA,Halal,4,3,0.7,0.0
231,85TC7GGcL5HYKdteMXWyOQ,Persian/Iranian,2,130,0.8,1.0
232,V9jFJfuK3FzWCJGoY15EgQ,Mexican,4,205,0.6,0.0
233,7rxg-tWPc1jK7Cikn5R86g,Japanese,4,482,0.5,0.0
234,ynIx549QFj29o84y1RSGyw,Cafes,4,417,0.6,0.0
235,LRyA5LakzQpv1t6pX-AcGg,Japanese,3,122,0.5,0.0
236,9lKYC8qs6owmBazkVR5XDA,Indian,3,307,0.7,0.0
237,TdUhTJ7hCt0uANqHIcltOA,French,4,307,0.7,0.0
238,3Rah-cvFk79duFQ83voQ5A,Hot Pot,4,447,0.7,0.0
239,8nXo6lNJlXQQIdy8Kf7J9Q,Mediterranean,4,339,0.8,1.0
240,s25mujxKWphsyFm0Ji1xYA,Chinese,3,328,0.7,0.0
241,_G6lH3rUyhyIxXHyQWFlag,Bakeries,4,367,0.5,0.0
242,Pm9g4v6bpq9_OEigK0jHYA,Cuban,3,7,0.8,0.0
243,UnFe6mLcCdHVyyDxnIBkAA,Indian,4,90,0.7,0.0
244,fv2mCAA4VtJxrwke3TH1cw,Indian,4,68,0.7,0.0
245,BGxPQKWgcNcFgn0sb9msLA,Sushi Bars,2,6,0.6,0.0
246,eFS3e9ctodj4aBTzRv_vtQ,Steakhouses,4,243,0.8,1.0
247,rJeh77RIvtmISisvVoy6TA,Chinese,3,133,0.6,0.0
248,xVduej7-JiPrZzsFXIkIDw,Chinese,5,4,0.6,0.0
249,qfeCYi9MMD6I7jQLFqngPg,French,3,149,0.7,0.0
250,uVRau5cd-OpqWIA-qsCiJA,Indian,4,73,0.7,0.0
251,Dqp5Itsj9dN0Ewz8Gm853g,Chinese,4,20,0.6,0.0
252,lAwfazjM5ot64O4A6EAjjQ,French,5,20,0.7,0.0
253,HJIw5_NDZXLuORi1NGDBOA,Sushi Bars,4,21,0.6,0.0
254,OCBvpZwdnTh5rL9vtCkwhw,Indian,4,52,0.7,0.0
255,mKPyAUJkJlr_1TNTSSoVMQ,Seafood,3,3,0.6,0.0
256,8wYaKJvVrRUaOwqVrVw-jQ,Indian,3,3,0.7,0.0
257,5KDfEi17KRFD1TrzZyT4lQ,Chinese,3,26,0.6,0.0
258,yDStP6k9r9CS0bcwSNbIyw,French,4,182,0.7,0.0
259,O4fJTI3e11PsKwIOYGZkag,Salad,3,204,0.7,0.0
260,UNyGz06_7RendbswIyNYtA,Chinese,3,149,0.6,0.0
261,sNeefaiRztDQ10B4QzUi3g,Tapas/Small Plates,4,63,0.8,1.0
262,hAmf5Tfs0OhllZHAmO-12g,French,4,363,0.7,0.0
263,3fBiB3slTfBpmf39vD7sJw,Chinese,3,73,0.6,0.0
264,ckA5dhV4ve-QZXUBFI6TUA,French,4,304,0.7,0.0
265,KxyH5zvTyXawl17lHjA4SQ,Vegan,4,350,0.6,0.0
266,HGNqWrRYJNyhJSS8yia8HQ,Indian,3,336,0.7,0.0
267,s-qYd8oF3l3iTDNBi4rrcw,Bakeries,4,32,0.5,0.0
268,EGUPGM2TuwMMFi3vifYEVA,Vegetarian,4,113,0.7,1.0
269,RQojRzAYA9Cq87PqwQq5yg,French,4,140,0.7,0.0
270,xc5jT9-87-MOyom3d1DWRQ,American (New),3,2,0.8,1.0
271,ipQHf7XmZwXFr_aWHrjIrw,Chinese,3,50,0.6,0.0
272,6nnhmOgTeI6QmQS1LhMD9Q,French,4,132,0.7,0.0
273,Yv3MrJfVG3pQJIQbOTxHLA,Portuguese,4,103,0.7,1.0
274,fmrtc7AsD7GS3BAfJ8QQHQ,American (New),4,134,0.8,1.0
275,ZKgZclCogcbI1_Tuw22Kgw,Wine Bars,4,116,0.5,0.0
276,XBWO26QblInZGftnSDD94A,Bakeries,4,227,0.5,0.0
277,gcEMZjjqy5Ucnv_5Pv-q1g,Noodles,4,230,0.6,0.0
278,CN-ZjeSCht_lOcEsuVSfgA,Indian,3,208,0.7,0.0
279,AlI7c_m9flexz49nzgam2g,Chinese,4,5,0.6,0.0
280,3Qpi419I29t3sCHMzC_h-g,Thai,3,76,0.6,0.0
281,kuSkLiSq9gHuytBBOOYeeQ,French,3,111,0.7,0.0
282,ogEtpbCgxv38PyB3ebivqQ,Indian,4,362,0.7,0.0
283,cDHOpwHBY32eUNfanjj7Lg,Chinese,4,8,0.6,0.0
284,zzZ366NuT7PCfVuPAySnaw,Pool Halls,4,13,0.6,0.0
285,gxEYxWqKVhs8xBw9Lvd7hA,Chinese,3,51,0.6,0.0
286,00J0yKkOuOxMhqt-Dg9daw,Chinese,3,52,0.6,0.0
287,IPhWpqIuAiEerKlLS82RpQ,Sushi Bars,4,26,0.6,0.0
288,DQuwci5xgJxXx7dxxp9FBA,Mexican,4,384,0.6,0.0
289,l1nX-f46dmOEmYPoiuLSaw,Chinese,3,406,0.6,0.0
290,xMtNlXP6JlI08GwKOYSPTg,Salad,4,2,0.7,0.0
291,oL3NzwNMn-e02cxGwvsPcw,Indian,4,1,0.7,0.0
292,9j5r0NlYKRkBTVvnAcUcwg,Chinese,3,62,0.6,0.0
293,m1cJLpDN4B-_0hGgPfe5OA,Japanese,4,344,0.5,0.0
294,ZLOu3e4bQm6sXplI3b_94A,Halal,2,12,0.7,0.0
295,yKQZqmCbk3EkGC5ajHgEGg,Indian,4,477,0.7,0.0
296,K9t9xqhbLIePem5Okb3J9Q,Indian,4,25,0.7,0.0
297,PAJdNrD4HFBN16OAFeDx4A,Mexican,4,476,0.5,0.0
298,oB2cpcZNyjDklNqZN0n8hg,Sushi Bars,4,139,0.5,0.0
299,WgQkB7cbPNgj0pLin7gQtw,Chinese,3,82,0.6,0.0
300,QvQilClGyuKFz08TBsoJNA,French,3,467,0.7,0.0
301,dskDbpvA0hI_7RjtoL6IKA,Sushi Bars,4,29,0.6,0.0
302,AfiSqDmx7Q3qLLgAvhHSRQ,Wine Bars,3,133,0.5,0.0
303,6tASYtO9zOrXr8-LPnAToQ,Szechuan,4,478,0.6,1.0
304,FvnExtQHPfz_crDCBTQ1iQ,Indian,4,284,0.7,0.0
305,g-q-kRxdn2zh2oWOY-jKTQ,Wine Bars,4,163,0.5,0.0
306,upaVTWhLsxcu1HXqN8iHVQ,Vegan,4,216,0.7,0.0
307,aaVV388ojMgIayC3cVIEVg,Indian,4,188,0.7,0.0
308,qm1J_dPA5IHij1oAnoZwHw,Tapas/Small Plates,4,294,0.8,1.0
309,8NDTQb7JLHd4r0yDmpzjUA,Sushi Bars,4,358,0.7,1.0
310,QFjyGK3DtTGJ9-g8E7ofCw,Halal,3,14,0.7,0.0
311,khZwIk7s0AqTk0jy0WPvkw,Indian,3,71,0.7,0.0
312,Lp8vAE5nHSt5zbu-lSGK8A,Chinese,4,280,0.7,0.0
313,1-o-uoVSaeUcorTYmHc6bw,Noodles,3,23,0.6,0.0
314,Ez1WypSZf-X-5vlTxeR0mA,Indian,4,21,0.7,0.0
315,oSpBTTBYy_sWDXiZF5CSdg,Delis,3,455,0.5,0.0
316,5agbggvhHI_juAZRfCqtZw,Japanese,4,224,0.5,0.0
317,ULDVJYTT-47RqbLtlR_FUA,Japanese,4,261,0.5,0.0
318,tDzTFko0plObIUPwRc31-Q,French,5,48,0.7,0.0
319,FFwDFLVBTQvuacl4l1ODew,American (New),4,266,0.8,1.0
320,0s8rxDQhglhh28BLz-80qw,Indian,5,3,0.7,0.0
321,RffIwNrMmEf5auDVP1eURA,Taiwanese,3,113,0.6,0.0
322,1ubEg-rrSE8IWXl6lJzIGw,Thai,4,476,0.6,0.0
323,eTzH9lmkmouNlmuJ77i8Ow,Indian,4,44,0.7,0.0
324,DTxsUnrcAQO-OXwwypPZjQ,Indian,3,195,0.7,0.0
325,dOxHYQmBR14Fa2C1X8oMMQ,Sushi Bars,4,72,0.6,0.0
326,XfHgiIsoo1Pr_v04bx9ptg,Sushi Bars,4,135,0.5,0.0
327,lhfgFU9cQIquGaLpSi4r6g,Indian,3,8,0.7,0.0
328,bHJWjEg_sGjrlSHIOX6Mqg,Mexican,3,430,0.6,0.0
329,NqnCmOlPIJ_QBQzvZ28djA,Indian,3,404,0.7,0.0
330,I8X2NYRYHdWrGrxIHZFJ5A,Halal,2,227,0.7,0.0
331,1htK0vS5FAHaXXtpAQperQ,Pizza,4,249,0.7,0.0
332,kxv4jD_qXRPVrV0oPR7isQ,Szechuan,4,54,0.5,0.0
333,gMgnrr8dJzJJLVH1IbFUZw,Grocery,4,30,0.6,0.0
334,EF4M55USa1ZNy1rP5Kuk2w,French,4,346,0.7,0.0
335,IYlO-XRwjZlUl0yoKY87cA,Japanese,4,179,0.5,0.0
336,Y-tMUjIn4vfihZC4r4NUSA,Mediterranean,4,240,0.8,1.0
337,8SehQovJOuQDLbtzLLYLyw,American (Traditional),4,134,0.9,1.0
338,MmXZLVwWcYugi_TXSHmjeQ,Sushi Bars,4,349,0.7,1.0
339,mOP2_wjgUMqELKDL1Y-U-A,Chinese,3,428,0.6,0.0
340,iXiscwXT1CVu1lZZkYuOKA,Chinese,4,65,0.6,0.0
341,LpQIn07liSugCw3IIQNyvA,Indian,2,4,0.7,0.0
342,ZlNDeVv6UJ1cGzcSoypVOA,Japanese,4,95,0.5,0.0
343,y-y2rMiSf5alNXMJTpTuDg,Indian,3,145,0.7,0.0
344,3OT1deSiIYhrcXWJ1sD3wA,Cafes,4,35,0.7,0.0
345,PnGSE8JGbMZKtdHi9go7Kg,American (New),4,404,0.8,1.0
346,BNdEbtO1rjCulgqK3zDnyQ,Indian,3,152,0.7,0.0
347,WRRs3smfm6rHP5k4Slzr3w,Chinese,3,144,0.6,0.0
348,WS0ipFMNDJDy_MOylP-JGw,French,3,375,0.7,0.0
349,LqL-SEhj2m19dWBz0q-vqA,Chinese,3,50,0.6,0.0
350,5IGFJRN06HiclnivxaFThQ,Spanish,4,160,0.6,0.0
351,1A3m0-dOhF2PKRU_8S2YYQ,French,4,74,0.7,0.0
352,4Kv4EVmrQ8TdlSD7MW0wHg,Indian,3,170,0.7,0.0
353,eyjeP9CJZ_gYgeJFP_vtpQ,Japanese,4,80,0.5,0.0
354,ndd1BQLqFINytM4kbkCjgQ,French,4,346,0.7,0.0
355,tyyqm0ftkoKQxednWNh0Tg,Sushi Bars,5,11,0.6,0.0
356,FvyhJRPCth2_1pmXlBbTGA,Vegan,4,216,0.7,0.0
357,o2z5T8jD7p3kauFwjt_WNw,Chinese,4,30,0.6,0.0
358,GVaTZnN7a-DkrK57l7BbGw,Indian,4,63,0.7,0.0
359,3rZwXDjkyDLAHNSdPUI5WA,Bangladeshi,5,174,0.8,1.0
360,QK4oWeb8EItwV5U3YH_R8Q,Indian,3,114,0.7,0.0
361,qbEuBOWUXO2s-C28xJ0tOQ,Modern European,4,104,0.8,1.0
362,XO6IbZn2oxonPrfcXHK4HA,Mexican,4,182,0.6,0.0
363,98SsKXNs37ohAQERZbBPJg,Chinese,3,58,0.6,0.0
364,HUEj_yVB1E2mNNxW5PqUtQ,French,4,114,0.7,0.0
365,iYh7mB7PDd5ZvZZ4lFPF1w,Indian,4,93,0.7,0.0
366,e8EW89rpbE1G2Ev41yypTg,Tapas/Small Plates,4,107,0.8,1.0
367,A8zppFZvBDGUKRSUrzJWMg,French,4,456,0.7,0.0
368,CNbY3C2vZ2ZYNunXq-EmNQ,New Mexican Cuisine,4,20,0.8,1.0
369,s6SN6MZX6Ns6lsPVv5tMoA,Kosher,4,9,0.7,0.0
370,UiBQ8Uyu4wfOtEM1Rr8ycA,Shanghainese,4,453,0.8,1.0
371,til9hZedX5st86EamUudMA,Desserts,3,146,0.5,0.0
372,zDiKwE9LPwWo9k2kdwMEZw,Indian,3,227,0.7,0.0
373,e_Ee9lzCrTTjghDepvbM9Q,Indian,2,1,0.7,0.0
374,1-7C5Kv8B8PiIbfL3_uHlw,Japanese,3,344,0.5,0.0
375,8dVc3lg1fQn0hYoc6crDcw,Indian,4,36,0.7,0.0
376,5RjZCsXuWPclyrDsnsXw7w,Chinese,4,166,0.6,0.0
377,fa5a7jksUak7yleWLWMigg,Hong Kong Style Cafe,4,91,0.8,1.0
378,8s5d0nkoNMgu9Oe066q_lg,Middle Eastern,3,97,0.8,1.0
379,fKsGFEKMD0e39B7SW-G8xw,Halal,4,8,0.7,0.0
380,MHuhN-URZQ22Anrpu6juhg,Afghan,4,99,0.7,0.0
381,yoGoH-1kDWMrQBI95ITo4A,Japanese,4,105,0.5,0.0
382,i6RhqnCJ_oUfTu5LikGXUg,Chinese,4,140,0.6,0.0
383,PdzL9svqapSqH4o8bF86Pw,Indian,4,373,0.7,0.0
384,2iwT3iutZvmqzmu7oOkWFw,Mexican,3,480,0.5,0.0
385,zXuwcp_d3h6fVa9CarmWzw,French,3,233,0.7,0.0
386,e4YHihk1HFJ1EB7oD7dKDw,French,3,117,0.7,0.0
387,9heTBCW1DDAKyO0GrY3Nxw,Indian,4,144,0.7,0.0
388,n1xpGOPa7XRq4or7QLjzHw,Teppanyaki,4,225,0.7,1.0
389,yb9o5T88FPUXYOzxyXlUcw,Indian,4,226,0.7,0.0
390,hEAjOVFwuECTNASaeSrfMQ,Chinese,5,1,0.6,0.0
391,2UxAkvKkkWNwqZi9H0OzWw,Chinese,5,132,0.6,0.0
392,gsZUN1Vtpd3P7rdvANbrmg,Indian,4,160,0.7,0.0
393,2pnhIRBUw58PpN8CQEYiZA,Chinese,3,58,0.6,0.0
394,a93NwZxjkPQydJxR42oPyg,Szechuan,4,44,0.5,0.0
395,ePVlFbTzdVQFWie__kdplg,Chinese,3,382,0.6,0.0
396,TExzWoDwkeNYiDBgUiKi5A,Modern European,4,233,0.8,1.0
397,uipFunIVqRWwopfEvrscyQ,Mexican,3,383,0.6,0.0
398,6lHhC-WND3Vs2DhTnDtgjQ,Indian,5,11,0.7,0.0
399,yDS7SUTAe6y3BYKdepIrbg,Asian Fusion,3,169,0.7,1.0
400,tzqQfzjVhmrhX0DypHOfOw,Malaysian,4,39,0.5,0.0
401,3V20VbC45XL4TBYTL9DrOg,American (New),4,176,0.8,1.0
402,6hw4ibsutVoMl_RK0aAJ7Q,American (New),4,155,0.8,1.0
403,yx8cpBwPttpdBvm4V1EawQ,Indian,3,176,0.7,0.0
404,VQ5YGa4L4AT3ugF61hM9qQ,Street Vendors,4,19,0.8,1.0
405,w0pDi_iMZd5MqYQ7t5q1dQ,Chinese,3,49,0.6,0.0
406,DY2wlHlgC5eHITs-d5rT4w,Mexican,4,57,0.6,0.0
407,Rta-_ALLo7g9xTUi23pmRw,Indian,3,114,0.7,0.0
408,hfCU-GH8GP6vjAknXUyhKQ,Indian,4,66,0.7,0.0
409,F3dTT21cnXG3dB9vGQe9MQ,Indian,4,1,0.7,0.0
410,tbyq3mdNFQrZPIuRmO0bQw,New Mexican Cuisine,4,1,0.8,1.0
411,vkgl6UT8e7PXoVZUhxXq8w,Chinese,3,39,0.6,0.0
412,NMCUMp39CPenji-UbFnuCA,French,4,146,0.7,0.0
413,KfHwEsirvgNwqqSSIZ4Kdg,Wine Bars,4,75,0.5,0.0
414,e0HGXP2YlFtpgF6hy9dVdA,Indian,3,88,0.7,0.0
415,_Hig4rf_SEAhq13eBdJ4CQ,Indian,3,329,0.7,0.0
416,jYhbUh1TV7SCfPxjIhVpcg,Gastropubs,4,446,0.8,1.0
417,j7fFfjr8rIqXjfEJ4FUs2g,Indian,2,4,0.7,0.0
418,mYu2soE6QEUYvIth0KL9HQ,Indian,3,42,0.7,0.0
419,7j6CGUCw93gEsYqSetCstw,Japanese,4,350,0.5,0.0
420,jG3XHl8Bkw5KEwAI93ciVw,Indian,3,466,0.7,0.0
421,JCewNUA2d-CHcVwz8ZbqlA,Kebab,4,220,0.6,0.0
422,zOTRYxeyHl1vRMyDkzGqog,French,3,97,0.7,0.0
423,ddFY9PpygYagv7-jVduB2Q,Tapas Bars,4,45,0.5,0.0
424,DNSFvZtdsqkaidmFSpm-Jw,Japanese,4,216,0.5,0.0
425,CflDIalFPdd7U3-fcq4Lkg,Himalayan/Nepalese,4,23,0.8,1.0
426,zb78ua-FlfFRj8v082giBw,Chinese,3,110,0.6,0.0
427,Ahx8GsuAGUl8TgqCWP7uXw,Mexican,3,210,0.6,0.0
428,YE4pvo8ectzEaRYGqUgFcA,Wine Bars,3,280,0.5,0.0
429,0nPCpOj_okwdhrNcSL-Ztw,Indian,2,5,0.7,0.0
430,PEEw2ip9VrmiMBP4b6op_g,Vegetarian,4,162,0.7,1.0
431,GzY2EjCmGNgvRd7IE20fTA,Asian Fusion,3,202,0.7,1.0
432,ZkpKRf_AenlKegg2-NSA3g,Indian,3,215,0.7,0.0
433,XDboe1zVxSRRMgHObYULSA,Chinese,4,1,0.6,0.0
434,g2uaHoIX1e1Y2E63t6DLrg,Mexican,3,279,0.7,0.0
435,oyxtaqfFZkP_vC0M6GfkbA,French,4,259,0.7,0.0
436,V69n3YrAs59GenGB2jLVrA,French,3,254,0.7,0.0
437,vAxm4dekBCfaRNoBYbx6OQ,Japanese,3,482,0.5,0.0
438,tP7RR_9k9sDI2qGLlaaNNg,Italian,4,142,0.6,0.0
439,oowNI_aUmGEFa_VW8BFgRg,Shanghainese,4,277,0.8,1.0
440,GbBmq42FMVX5dOteBm9mvw,Indian,4,1,0.7,0.0
441,6i4PFQw19NJJc7GL2IkFLA,Caribbean,4,4,0.5,0.0
442,5tWpAFpF618KJxBhHJzF7g,Hong Kong Style Cafe,4,58,0.8,1.0
443,IbB_7AxWQtDFW1iKnoD1Ug,Pakistani,4,284,0.6,1.0
444,pMdhVoZuxIQGYOD8tsWMpA,Indian,5,3,0.7,0.0
445,5faOK0osoS-zdEwT21S-Cg,Indian,3,292,0.7,0.0
446,shp52ABKmbCEOB4dku0low,Indian,5,1,0.7,0.0
447,2zaFer47CnuerUmTfAjJ9A,Japanese,4,35,0.5,0.0
448,ymb0SvFrlcWm6k_Gx5SYcQ,Sushi Bars,4,179,0.6,1.0
449,NKDLr_aBy5WRX8-JR_SGyQ,Mexican,4,154,0.6,0.0
450,cWzdIJhEDZIjSGDpYGWy3Q,Bars,3,221,0.6,0.0
451,pG-IkylRFOb-HlaD8NwvvQ,Mexican,4,290,0.7,0.0
452,zcgPjeIpjYDDVbTar9mfAQ,Japanese Curry,4,118,0.8,1.0
453,3PabSEZ2ESexVFZznyozVw,French,4,335,0.7,0.0
454,_Ge2eC89Z-jlaDDWglfT8g,Thai,4,164,0.6,0.0
455,tC6CzF4fxzHJQ4RFUdT30g,French,2,3,0.7,0.0
456,WO_cLlSr6eFYMXy0T6BvHA,Wine Bars,4,156,0.5,0.0
457,S37Fd4Jrwuv6R1DukmlqSQ,Afghan,3,336,0.7,0.0
458,yRJfv1ERRieWTX-uHCFDtg,Indian,3,96,0.7,0.0
459,EOANRwg2TqxqAJ6O7e-YNA,French,3,114,0.7,0.0
460,KtL6xhVJZq6dzAYlfcHvyw,French,4,224,0.7,0.0
461,K54qUgd274Fj_LvHCjeSFw,Japanese,4,274,0.5,0.0
462,EBIjeMlkgU12CyCcUDj-kg,Japanese,4,261,0.5,0.0
463,cBmZRsZmUfBg6eMPPM6ypA,Italian,4,183,0.6,0.0
464,WyiTT3VHjzowMnOnUpZ7TQ,Mexican,4,295,0.7,0.0
465,MwtXOkRUndPU-ivbtLD-bQ,Japanese,4,279,0.5,0.0
466,QxyhvapwK86NPX-nzrKF2w,Asian Fusion,4,29,0.8,1.0
467,hmNxdAbt0tiGm8_vPdXCSA,Afghan,3,179,0.7,0.0
468,GN4-wXUXgfuMO4KHa76J5w,Halal,4,83,0.7,0.0
469,rBUTVjRs5CcEMe3dfVRZJQ,Taiwanese,4,195,0.6,1.0
470,bSi2f2TaOr4RVTI5eFt0wQ,Chinese,3,194,0.6,0.0
471,0ROpM3UcZhprN6dhwK2Hsw,Pizza,4,95,0.8,0.0
472,-K9aoYpCy5_99gojar4nWg,American (New),2,22,0.8,1.0
473,0SqFgkdmfNWj9iUQgfghEA,Soul Food,4,154,0.5,0.0
474,CjI8xeqsAiUlouM6tzemfQ,Desserts,3,75,0.5,0.0
475,l44CFBTejwL0ElKmkH7xQQ,Chinese,4,373,0.6,0.0
476,562aZEpTDdYKDe5hWuDyFA,Italian,4,149,0.6,0.0
477,50eKjWOB-H9iuo1ocACOaQ,Indian,4,151,0.7,0.0
478,U1H_LiA_-9NtaSbehPdODw,French,4,245,0.7,0.0
479,g5f6p9jfzB30Mhcu6d5OWA,French,4,95,0.7,0.0
480,wMhJPpAQqmbGhOFErPh4zg,Indian,4,53,0.7,0.0
481,3Y-beEWD9prfpSZXrQjMPg,Indian,4,3,0.7,0.0
482,7ei0rqEbo1LZJF_FsWEXUQ,Caribbean,4,3,0.5,0.0
483,_nScWpFX3M1K7s30hFEsRw,Indian,4,320,0.7,0.0
484,mxjv5RgkTr5qw3wjr2fXmA,Chinese,4,175,0.6,0.0
485,W1pBIFhkjJwjTe2P7o57yg,American (New),4,45,0.8,1.0
486,OHqazo2j-RLZnLWo_YRnDw,Chinese,2,28,0.6,0.0
487,yKmGGnebabFQ7gsgFzFG7g,Indian,3,2,0.7,0.0
488,VEjkxniAlG35cR3pjHvF-A,Chinese,3,95,0.6,0.0
489,V3mSoUHcuFQwDHBPLTSbdg,Indian,3,24,0.7,0.0
490,3vpqJK9Oz515AZR-bFW5Ig,Indian,4,1,0.7,0.0
491,Xzc4Ex6Vx4T-RBc3N9fW5g,Indian,3,57,0.7,0.0
492,Q1TpfbuPwKPFrNFyu-u2_g,Chinese,4,191,0.6,0.0
493,VVe74-TKuROBvyS1XgVmvw,Coffee & Tea,5,338,0.7,1.0
494,Yj8Tpy8tVf-fpct6_EUIhQ,Indian,4,6,0.7,0.0
495,yC-GsIbqeQnoVd9LYiOabQ,Indian,3,192,0.7,0.0
496,LQ6x_oaOhRrlG9i8p-Fubw,Chinese,3,135,0.6,0.0
497,xDERYqY7CbIx4aAlKsLy-A,Indian,5,3,0.7,0.0
498,u5-S5ElOzXnavuZ2gFsCpg,Chinese,3,187,0.6,0.0
499,nXoaGAhH6tNDQEE871V-ig,French,5,35,0.7,0.0
500,goIlFGh8EhPQ1fJlzn-NPw,Sri Lankan,3,18,0.5,0.0
501,gNDdRSWiuxdulA-Ajx6zCQ,French,2,244,0.7,0.0
502,WYdrEMBXzOcxffpQczHKww,Wine Bars,4,2,0.5,0.0
503,cy0vBvZu2Eb4XtRFCp8Seg,Cocktail Bars,4,153,0.8,1.0
504,7OMGEtFWT6sdd9TVuoGqJQ,Japanese,4,420,0.6,0.0
505,Cq2IVq7VOlEzQ0YfdPqc-w,Chinese,3,41,0.6,0.0
506,1_pK5aQ47atF50oAKHADhA,Indian,4,477,0.7,0.0
507,8nmMip_O4vcPDcujTEa_TA,Sushi Bars,4,187,0.6,1.0
508,8oWkHl9tITphtI7KY4kT0w,French,4,275,0.7,0.0
509,mBZUWdasmua9XOsWy8xdWA,French,3,173,0.7,0.0
510,g4EXxoV0z_TnyWF8h9xMKQ,Thai,4,27,0.7,0.0
511,ziwipi8JK_ik4mLaw1fTGw,Chinese,3,32,0.6,0.0
512,jc7lVTvmYMIK5RNpENtS6w,Szechuan,4,226,0.5,0.0
513,pzVUUB9bXZMK8KvRLOoUWg,Indian,3,1,0.7,0.0
514,RFiR-vXB46apdqHYr4S57w,Indian,3,11,0.7,0.0
515,kn9rgR4KlvyTTi-s76OIaQ,Mexican,4,371,0.6,0.0
516,uOwNAh9yZuq7yItvw4pZqw,Barbeque,3,101,0.5,0.0
517,b2d8CP6sKQotFjzZX0Thtw,Chinese,4,16,0.6,0.0
518,7KO4zcBtc2-2M5kJLfl0kw,Mexican,4,385,0.6,0.0
519,-km0gGCxrhcvD62mlDvV4w,Vegetarian,4,151,0.7,1.0
520,9V0u-hctFSqJf6lHZra_QA,French,3,162,0.7,0.0
521,XKy4Cy4uNgO7rxhH4yFJQQ,Indian,4,339,0.7,0.0
522,F45gH5oEHbuptyHLRV8ZWw,Pakistani,2,14,0.5,0.0
523,M7FR0flXH4yUq5Gh7-7Vog,American (New),4,344,0.8,1.0
524,bRCNOrmz5S7q064UmIiZqw,Asian Fusion,3,224,0.8,1.0
525,nEkVibaTuIFEcTNtltFgJg,Japanese,4,429,0.6,0.0
526,f26O6kd8FCWoCXfQUNWJ2g,Indian,3,90,0.7,0.0
527,WoZnkXZInggzgQM_LbDpGg,Cafes,4,189,0.7,0.0
528,YvSCXoj-z1eS2soiXQSIFQ,Bars,4,151,0.6,0.0
529,RkPakW9XloEm-QB0eNlHmw,Indian,4,48,0.7,0.0
530,HVWlYTXsR9Vx9ZoxJQa2zg,Indian,4,54,0.7,0.0
531,UJSugMSGxB4vzBaCvmLthA,American (New),3,131,0.8,1.0
532,TlKUPuAnVptyR2x1JHSqfA,Indian,3,140,0.7,0.0
533,pV-f6jq8mqNWymbPyPNmzg,French,4,485,0.7,0.0
534,bEec28P1CziowM9LrNkNsg,Cafes,3,240,0.6,0.0
535,UJe9_p6NEl0kA6xHVo5PKw,French,4,129,0.7,0.0
536,s4pRTGVcKMfybxpyKu4KzA,Indian,3,50,0.7,0.0
537,foAYWheDCF9wUyKPuOGYow,Mexican,3,342,0.7,0.0
538,NDNdv06TUHhvQV1VYgrr3w,French,3,64,0.7,0.0
539,l1EdTmBBFzxQIZDftPZeUQ,Italian,4,264,0.7,0.0
540,FXFQJmhK6elesopXdhjvFQ,Japanese,4,85,0.5,0.0
541,SP4bvMvxel_UPdof_er3HA,Indian,4,453,0.7,0.0
542,cGSLzPA_SCWrN3cyT86Nhw,Chinese,3,56,0.6,0.0
543,dP6SmZ5E5Nj64-3zZMjGSg,Chinese,2,62,0.6,0.0
544,WI5kC9Ba8QClXq_mslg07A,Cafes,2,7,0.7,0.0
545,ykTc4pZYEAY0Esd0yVFSOQ,Wine Bars,4,46,0.5,0.0
546,6gE9N5wD4K-bbmSEBm7Lhw,Chinese,3,48,0.6,0.0
547,clRkIWrwyNVpcZdhrYVB5g,Indian,2,19,0.7,0.0
548,pKnqJZpCX3xYIURHOnWuig,Indian,3,26,0.7,0.0
549,x3NeZ4xToUxVKDoZ32D5tg,Indian,4,382,0.7,0.0
550,mDajKjZjRN4tVGEJFOgF9w,Chinese,3,248,0.7,0.0
551,LaMbEoM5Vw9CQP5usaD2xA,Himalayan/Nepalese,4,86,0.8,1.0
552,_oB3M47mlg3dJGKKIYkRIA,Indian,2,13,0.7,0.0
553,h8J10FpJGaU_4OvP2MgoKQ,Mexican,4,239,0.6,0.0
554,JLpEKUYAtzBRQwsUL3RPIA,Italian,4,302,0.7,0.0
555,3J9hH7EJdBv7_TjaQQqsJQ,French,4,24,0.7,0.0
556,GMICEb3dqMcVftIHzh1DiQ,Noodles,4,94,0.6,0.0
557,PPhUz-roOHiIp9vA0rEoIA,Grocery,4,13,0.6,0.0
558,5LqclCP-RTj61-5QNo0jZw,French,3,436,0.8,0.0
559,_EgBjtufCZIWwUkRn53OAA,Bars,4,93,0.6,0.0
560,ax4INkzwL__-d_kGJfcA-w,Japanese,4,30,0.5,0.0
561,_RVeBqIldnrh757oxL-b7w,Indian,3,148,0.7,0.0
562,WrMu2G5M2im56uYKTd4Bgw,Indian,3,455,0.7,0.0
563,Du4yrt8aWlBhOeEjhEH3ww,French,4,31,0.7,0.0
564,SVJNB9LqI13jtVyKMZVqeg,Chinese,4,432,0.5,0.0
565,r2JVKalbucGf2nryywuL2w,Malaysian,4,451,0.7,1.0
566,17hj-J-E7UFki3Brshu0lQ,Indian,4,61,0.7,0.0
567,SJ6gBwqF219nV6dAZBt93Q,Indian,3,24,0.7,0.0
568,RzKR9QcYP03EQ_8DxTxowg,Mexican,4,1071,0.8,0.0
569,XJxoBc_3vvDiCCJViLNfJg,Wine Bars,4,266,0.5,0.0
570,0BzxIsoRuFvxbMPl-iH70A,American (New),4,776,0.5,0.0
571,V2oWqXcoJkgGeIPOaS9eDA,Indian,4,519,0.7,0.0
572,IQ91FltwJmIPhS6fKKf2pw,Chinese,2,56,0.6,0.0
573,3rCA4ZFJoxCLosUB8CqlbQ,Chinese,2,108,0.6,0.0
574,kZIWqN41LuG3AoOIFo2RCA,Cafes,4,94,0.7,0.0
575,Ucxhqn56VtC-eYjdNsg7Og,American (New),4,749,0.5,0.0
576,O64wSq9NvecPNPRkz38o8Q,French,4,146,0.7,0.0
577,VakC43fJQAT5c6f3rqPlOw,Indian,3,26,0.7,0.0
578,NMVRHrkdp68twl4CWo1I5A,French,4,833,0.8,0.0
579,LztkKM-lvRraBbS9TVXzcg,Noodles,4,115,0.6,0.0
580,kyJ0CtJ2Lrid_YdZWobf7w,Chinese,3,228,0.7,0.0
581,pXxBeKXDgcNSioo-3ysMcg,Chinese,5,1,0.6,0.0
582,ynB8T3htx8s5V0YV8gVPGA,Shanghainese,4,404,0.8,1.0
583,rJ4N10Nbh-GM49qOSGFoAw,Chinese,4,95,0.6,0.0
584,RoqLH-4rDugHlduthnZggg,Dim Sum,4,91,0.7,0.0
585,wQU3LMmOPNzxL-ptOi_F5w,Japanese,4,512,0.7,1.0
586,xnrn6Ibn4T22vTjYX1H1zQ,Halal,4,30,0.7,0.0
587,o5sUOmtzcHAeSWtUuFJ00g,Indian,3,286,0.7,0.0
588,zwFS-FcGe062to_rWWkLCw,Bakeries,4,733,0.6,1.0
589,gWuHmSQ8G5FiKv-rEogwvA,Indian,3,425,0.8,0.0
590,uwStYTWVMr-0BihJD7CmSQ,Bakeries,4,304,0.5,0.0
591,c5vz72Q9mAmRs2NZUsWpRQ,Indian,4,8,0.7,0.0
592,R-biStUvl2zuhIQFk40GsQ,French,4,390,0.7,0.0
593,VThwGCuC6JVaxAgnmuJDRg,Mexican,3,396,0.6,0.0
594,o5EIqc4LekAoeLHiYjzLqQ,Cocktail Bars,4,201,0.8,1.0
595,KBZQN540Xz6LbXLRVOMc0w,Chinese,3,173,0.6,0.0
596,YigPOZxASGQX1IniEyCp8g,Asian Fusion,3,151,0.7,1.0
597,phEamT8HRnu-RFFoCbJ5Bg,Halal,4,11,0.7,0.0
598,z3JDfCqlwOTwhQrnPgYkDg,Italian,4,52,0.6,0.0
599,TGP5gbAgml0IDRLGCpFnCw,French,4,867,0.7,0.0
600,j0Q-yyxS2WiL3foCJEV4eg,Vegetarian,4,568,0.8,1.0
601,UBqLK5kg0kT72CIaBYa5Zg,Mexican,3,397,0.6,0.0
602,02zyTkuXvbGcbA9en_20Gw,Dim Sum,3,192,0.7,0.0
603,TwxP5xU_xyzlf7SVzCnpuA,Noodles,4,108,0.6,0.0
604,Fb8vIbK7jc_6cTDJ4tOKTA,Ramen,4,479,0.5,0.0
605,d96eV2MmIFi4zNNOxBdIZQ,Chinese,4,84,0.6,0.0
606,KIIYvTOc0Uv90aUHEGvoSg,French,4,411,0.7,0.0
607,sxv1oJxG8uu6u4tjKHiJMA,Singaporean,3,57,0.8,1.0
608,7X3hB3KtkHVKk1GZKAnlbA,Himalayan/Nepalese,3,54,0.8,1.0
609,j69WHdRCVQTypfe7hQWauw,Cocktail Bars,3,89,0.8,1.0
610,sySAZxvH4LvSGJRLmCP19A,French,4,290,0.7,0.0
611,GknCLz8E_mC211psEX8lYg,Japanese,4,80,0.5,0.0
612,Ywdce1GlDhjs8f8v7qZM_g,Japanese,3,32,0.5,0.0
613,hdiQrGDT8enOzpxaipBzNA,Chinese,3,115,0.6,0.0
614,OD1CCNpXwUvXB9P6WkTy9A,Indian,3,156,0.7,0.0
615,CDBQ07xf7XcqnNh3_mGBIA,American (Traditional),3,77,0.9,1.0
616,dTZ-q8CwEDo9iVKM0tydnQ,Szechuan,3,180,0.5,0.0
617,NmJ2xtfZrscfWB_a5wEbXQ,Chinese,3,178,0.6,0.0
618,ZOpnIsm7ihoO1gq2YmGdzw,Ramen,4,334,0.6,0.0
619,A_fZL0ir_actclrL-ePTOw,Chinese,4,11,0.6,0.0
620,escMR9M42UsHQIglAz1pJw,Southern,4,334,0.5,0.0
621,VtOKPlPn4mdZON-1uRS4XA,French,5,1,0.7,0.0
622,L02D3DmTwrkap-BaAfIg8g,Indian,3,4,0.7,0.0
623,1HBtCnBGBYoq3zaQUxTbmg,Sushi Bars,3,80,0.6,0.0
624,CX6_T61ZANH5ttfMLeKKIA,Indian,3,22,0.7,0.0
625,obFs12x7mgYPGxgalBd22w,French,4,465,0.7,0.0
626,yauWDobtVPplAiACo1JuYA,Indian,4,79,0.7,0.0
627,FZ0fKxW-d6Qc70IjDQIQKA,Pakistani,4,15,0.5,0.0
628,yono7ZJcU1KiqfC-xUMaIA,Japanese,3,167,0.5,0.0
629,VLQrI-Qua7Ok02fAAuwvAA,Indian,3,20,0.7,0.0
630,HYW2O2qycmFiGUNt_TlyPA,Halal,4,225,0.7,0.0
631,ghXmKZpOwbfCl3i1UOg9qg,Italian,4,33,0.6,0.0
632,WHXgDm3kcU-aONfjR8tX0A,Japanese,4,215,0.5,0.0
633,DU_DMCalguwdsnmLOJX3mg,French,4,331,0.7,0.0
634,CPtao9WHPnVJGUS0H4Txww,Kosher,3,124,0.7,0.0
635,omOPvWNdukvWOC0peXPyng,Chinese,4,122,0.6,0.0
636,Y33XuEV_ht25tXv7SZPKKQ,French,4,113,0.7,0.0
637,wSGZA3DOFSUvALZRKCM_Sw,Sushi Bars,4,587,0.8,1.0
638,8NVN6Nldm7AGoGaABBZMRw,Gastropubs,4,638,0.6,1.0
639,NIX9YFX1taOkm1J9IGuLqA,French,4,31,0.7,0.0
640,ZOfk6Ao0db5icjc0WEq7zg,French,4,436,0.8,0.0
641,JdNzj7EGQLC9eqqw3SYBPg,Vegan,3,413,0.6,0.0
642,KeVQTRyG41doVE3YVsV7Pw,Indian,3,83,0.7,0.0
643,xJbr2o_5RZZYwVaFz0D14Q,Chinese,4,35,0.6,0.0
644,rtucksGJ2MebjJ0PqjIPaw,Chinese,3,62,0.6,0.0
645,uy7QmtN9Sdb8z5hm2_VZSQ,Indian,3,302,0.7,0.0
646,5u4T6-Z-KhHrRZ9g54pugQ,Chinese,4,25,0.6,0.0
647,CP5zlAOYYne7uhzUC1LyuQ,Vegetarian,4,68,0.7,1.0
648,2wVirrAVg3ltAFHoHeXHMQ,Dim Sum,4,18,0.7,0.0
649,QV7OzZd6RsQjAkoxbHqEzQ,Fast Food,3,172,0.5,0.0
650,8Oo2AtQEPDfxIOnA8wfXoQ,Taiwanese,4,232,0.6,1.0
651,21y8cakUmhd3g13nh0cq9g,French,4,328,0.7,0.0
652,z2VXX7wGl8XZ6_oo9W3koA,Indian,4,246,0.7,0.0
653,_IkMfWpOkQXRZtJAYJUJIw,Sushi Bars,4,327,0.7,1.0
654,RKpp5WskkZmOjpJtRlbY9g,French,4,47,0.7,0.0
655,KJNXC2NtxRPeu_nkk1PC4A,Himalayan/Nepalese,4,65,0.8,1.0
656,vX0_qcuVXoeeH1_24I8lSA,Sushi Bars,4,139,0.5,0.0
657,-MXQI-AjTJViEekzs_5_8A,Indian,4,57,0.7,0.0
658,RjeW_l8OF99rn5df5-Rj4g,Ramen,4,1021,0.5,0.0
659,Fl2z1edJw3MONc9rERWRMg,Seafood,4,219,0.6,0.0
660,bgKGT3osx4KNjrdva4lYpQ,Indian,4,87,0.7,0.0
661,0W0m68TNPbodGCA3PhIB4w,Mexican,4,486,0.5,0.0
662,L87p5eAKGjvkS2YZYjZcrg,Japanese,4,23,0.5,0.0
663,YRXXIqqaLcWJaL22lnj7mQ,Hookah Bars,4,50,0.7,1.0
664,guwS_mhhUjOT5d8sYfEluQ,Indian,4,301,0.7,0.0
665,BPErPpKSNluwcjbKRgze3w,Chinese,4,459,0.5,0.0
666,fmH4YbvpYdcpaaYOL1g7wg,Indian,3,50,0.7,0.0
667,iTcxncdrcQRK1tdcbFIqGQ,Desserts,4,310,0.5,0.0
668,IU7J-biFGBwrl6qKBPGStQ,Japanese,3,230,0.5,0.0
669,37RhWHnMsnjULuoN95Bg9A,Kosher,4,127,0.7,0.0
670,0ORwxqRAliQvbYMIND19FQ,Indian,3,38,0.7,0.0
671,QgTR7mA2kd82KVrIJNuJ3A,Chinese,2,30,0.6,0.0
672,5XQgZQF-5N94bkQ2d_PJIQ,French,4,182,0.7,0.0
673,V9cBgn2RFLurwg6lwuLH7w,Chinese,4,212,0.6,0.0
674,0wSOGZrj4ILpZSgE7SaYuw,Coffee & Tea,4,475,0.7,1.0
675,FdpEdKi4YbTu4t7B0tufIQ,Caterers,4,19,0.5,0.0
676,UQV4XEaZwIRfi5SLs48sDA,Indian,3,3,0.7,0.0
677,X0IWYIpyp-eeD783EqVGWw,Mexican,4,214,0.6,0.0
678,uqBBk5o9McSEYQ88CG6yHg,Indian,4,84,0.7,0.0
679,iL88ZmIUC_9Obf-r6YN1Ew,Moroccan,3,321,0.5,0.0
680,_R6EjbrynW_LFnmWoRqgww,Indian,4,189,0.7,0.0
681,Xb-NlVV5gYKX2Amd_WeWoQ,Japanese,4,62,0.5,0.0
682,GELFb5_zjbWmca45jxzHZg,Indian,5,1,0.7,0.0
683,-zZXaitTEIWFgGa21y0nbQ,Mexican,4,43,0.6,0.0
684,S7ivv5O0beH3U9cV3cRD_Q,Vegan,4,347,0.6,0.0
685,obIX3q93sNKq9VcbbRIfTw,Noodles,4,20,0.6,0.0
686,bNO0801dOoSSFJuDdTDzYQ,Middle Eastern,4,67,0.8,1.0
687,-J8VuX3wGrYSOBu2G0hMsw,Japanese,4,1155,0.5,0.0
688,vZgJyMZlpSSS_Y-duxd4_A,Chinese,4,262,0.7,0.0
689,qr24KgWcZGUhKZIPyVMsNw,Mexican,3,328,0.7,0.0
690,WCoCQQKN5jfu731pfOt1oQ,French,3,2,0.7,0.0
691,2FFkYc6LbRanDbOwKumLEw,Indian,4,1,0.7,0.0
692,pDXpe-kGZia6An9PsbjAGg,Japanese,4,39,0.5,0.0
693,3ESDUFulPVoMJdsqPQGm0A,Chinese,3,80,0.6,0.0
694,EJHyijqj0umQ9GsyknrNKg,Creperies,3,198,0.6,1.0
695,844H9r0tRQZmxiEtjeTW0A,Lounges,4,457,0.6,0.0
696,dGE1Imqoz1vdHa2cjfvO1w,Indian,4,349,0.7,0.0
697,E1QQuFMX7DAEt8jV4attkA,Chinese,3,89,0.6,0.0
698,xemN4tP9RlK5c-yUT-M71Q,Mexican,4,888,0.6,0.0
699,ZdLS7gD1ulmCPkqNc9_S3A,Szechuan,3,125,0.5,0.0
700,0ywipQa5m1CD_wJFMUTRCA,French,4,96,0.7,0.0
701,B87c3bE_u53yNYO1cmHSIw,Chinese,4,519,0.6,0.0
702,9_CEU7Wmvmwlyvqr-PJD6w,Mexican,4,916,0.7,0.0
703,Zjdtcex73QIz2_MvEvDrFQ,Japanese,4,123,0.5,0.0
704,dvkQIG20RjgNi-SwRr_1CQ,Italian,4,226,0.6,0.0
705,hLdrBdGwy_eDvayx8VAndQ,Indian,4,3,0.7,0.0
706,axqp3pGJXnTLgq2QrPyDyQ,Japanese,4,471,0.5,0.0
707,L5eqJRy8Yx_4El6rUxWmBw,Mexican,4,105,0.6,0.0
708,HY7Hx-z5lq1vAacDwYBfoA,Indian,4,64,0.7,0.0
709,MaZWYgvu08NLQVRcDGGvqQ,Chinese,4,121,0.6,0.0
710,f7-xxpi8s8Qr3ByASArQtQ,Fast Food,5,1,0.5,0.0
711,kN3rkbjvqkY62CDRYUVz4g,Bars,4,206,0.6,0.0
712,Bb0h5Rs8ugSM2CjulRhfBw,Szechuan,4,102,0.5,0.0
713,dOsIIVVfgiDevGZLWaPnTg,Indian,3,112,0.7,0.0
714,MzA6gitJKqfW4VrdS7AiQw,Chinese,4,58,0.6,0.0
715,3uEkZEAp7biQEtt0S7W1Vg,Indian,4,579,0.6,0.0
716,OX6PVp6RxwL-Y9NTDhE-mg,Korean,5,1,0.7,0.0
717,bTyyPU8A4pz9dieLSZPMdA,French,3,393,0.7,0.0
718,nrPfcOC4mGnEL-9CpoGhMg,Chinese,4,101,0.6,0.0
719,Rr55bXbJcfdm4lIf-1f0Qw,Indian,4,240,0.7,0.0
720,FiRB9Ek3Xo9JHwXgBYITYg,French,4,1559,0.6,1.0
721,T0aM8ULASjWhz_TqgG8rCA,Modern European,5,6,0.8,1.0
722,eTe0fY7PUIKuxgSdxgkD_A,Indian,4,189,0.7,0.0
723,LDScBEu3splSQlhGBEH2hg,Taiwanese,4,142,0.6,0.0
724,6KOeVK9KMmVG6Q3chyZ_Bg,Indian,4,148,0.7,0.0
725,_WXa2M3gz2Mi0ys3s88nDw,Asian Fusion,4,210,0.7,1.0
726,KXD44wWmrGf7mzyyr0bikw,Vegetarian,4,295,0.7,1.0
727,AUm7If5Cbvy20AnmyxE-xA,Mexican,4,66,0.6,0.0
728,kr_Wu5m0P-AEghraNqXeTA,Steakhouses,4,715,0.6,0.0
729,maXkjUEZGWrKF7BFrrUUXQ,Indian,4,239,0.7,0.0
730,35SwnbTxwmnXVF61LUkpeA,Wine Bars,4,128,0.5,0.0
731,EN9_LsFpY44Hkzcnu0jfIg,Dim Sum,4,83,0.7,0.0
732,viPKFWURtx09AVOa6iiKSg,Himalayan/Nepalese,4,63,0.8,1.0
733,HEs6llkn3wIP1ATXeIZQew,Indian,4,673,0.8,0.0
734,yVvx0wKmBplFlMd9z10Ytw,Indian,3,253,0.7,0.0
735,vTX77dgdGryT9zc6mKXEsQ,Himalayan/Nepalese,4,181,0.8,1.0
736,tG3ojlIvdbf79RXrO2oGKQ,Halal,4,34,0.7,0.0
737,xTnivXEdEtXrnhp-z4JGvg,Cafes,4,280,0.6,0.0
738,oF3yOAqGpIGRbjtOzvSxoA,French,4,25,0.7,0.0
739,3gtheZvv3Or0YzWXIl3SJg,French,3,427,0.8,0.0
740,BA6wd1pZTVu1DmrtiyTs8g,French,4,441,0.7,0.0
741,WYFPMrpRKoBaBPd-yOoiEA,Indian,3,2,0.7,0.0
742,dAHoDxBmzWqfobnTbCHaQA,Brasseries,4,139,0.7,1.0
743,6Ct7OeTRn4caY9g0swFBsw,Mexican,4,671,0.6,0.0
744,rn6SmSqAYx2kLFIAxytMMQ,Japanese,4,211,0.5,0.0
745,xWUL-j6TQyKQHIfOtetu-Q,Vegetarian,4,1076,0.8,1.0
746,8wrrBfEpqR5zDkSDpEXAmg,Cafes,3,169,0.7,0.0
747,bqhBU_iyHpaLlq0WSc5Nkw,French,4,126,0.7,0.0
748,wpye6v-2fIx7Z2Sz12XubA,Wine Bars,3,307,0.5,0.0
749,TcuWyuZAORVnQBPCMNbTgw,Sushi Bars,4,594,0.8,1.0
750,mESab-FqL5QqSVsnX72asQ,Sushi Bars,4,996,1.0,1.0
751,9x95RpLEIDRWG2Y9w4qz4Q,Indian,4,71,0.7,0.0
752,VNmSye6SGkwtSijlPnV5YA,Indian,3,24,0.7,0.0
753,KbCLZOKvPdNY7ptAg0kGxw,Indian,3,313,0.7,0.0
754,SExVenfR3ScUzIJHdUpxuw,Pakistani,4,25,0.5,0.0
755,ArRjkFlv7aIUfxNLvI1bwA,Pakistani,3,75,0.6,0.0
756,diz6_4TVSP6EdWEZCZ0Acg,Japanese,4,256,0.5,0.0
757,5dzFMuClH9CDvfaUuIKWeg,Chinese,3,37,0.6,0.0
758,JFFVmuwj8pnSLePgy3f2Iw,Noodles,4,154,0.6,0.0
759,tdhz1FN3OdTxdDkLljySJA,Vegan,4,70,0.7,0.0
760,uLWp1QR_W2WJImMnB706hg,Bars,4,255,0.6,0.0
761,pCfGgX0WxGASGM4-Yhr2Pw,Chinese,4,172,0.6,0.0
762,MotfuoOFiEmOKOcRCnRhdA,Delis,4,158,0.7,0.0
763,MGRo61aHFUeRlWhSbTv2NA,Sushi Bars,4,146,0.6,1.0
764,2K9dTgbmn3vS9YyFmun1sA,Food Trucks,4,2,0.7,1.0
765,53lgp8fFEuK3Yo7yeXc89A,Dim Sum,3,188,0.7,0.0
766,Na55QhymZh3cje8Ac2vCvg,Indian,4,145,0.7,0.0
767,tA_AoGEL_oGllbU2j77Shw,Shanghainese,4,179,0.8,1.0
768,JjzCmRn3q8JrlwHx8nFhAA,Hot Pot,3,155,0.7,0.0
769,scTDvJ2M2jDbb1ntVeIyxA,Chinese,4,560,0.7,0.0
770,L0hPFGt-sD_QVmhr01SSEQ,Italian,3,161,0.6,0.0
771,YoR6ouUwehLFnBQ7RAjPlw,Japanese,4,70,0.5,0.0
772,7rTl_d-dqlK5dGG31ogSBg,Indian,4,320,0.7,0.0
773,XVMzBs7wGeU5BWgyBL3xyQ,Wine Bars,4,344,0.5,0.0
774,zqbjE3QLDfWpzyFARJ_cng,Italian,4,240,0.7,0.0
775,WWpOWqOgS9ClYvxYVzR0lg,Indian,4,277,0.7,0.0
776,6UcYACF-byUBkn5jumAAfQ,French,4,192,0.7,0.0
777,UhKRowDihjep_skvlcjpHQ,French,3,27,0.7,0.0
778,_KIjhnsaui-wF9OePRZ5NA,Wine Bars,4,286,0.5,0.0
779,rPTX2J5KGDkN1QhPD-QOvg,Chinese,4,96,0.6,0.0
780,VSPkVw9gSQx-5v4A6aC_YA,Lebanese,4,385,0.5,0.0
781,L3REPLCvQpMapYPd_fkS-A,Seafood,4,471,0.5,0.0
782,diCW3Pj1PTVRSyol_d7cZw,Japanese,4,480,0.5,0.0
783,7ODapIfgerSKkAjKR0a2xw,Juice Bars & Smoothies,3,65,0.8,1.0
784,D_xGTuIZqh1g6ie9QybcYw,Indian,4,101,0.7,0.0
785,l2mIxUN1Tv_hsxQS7xxrgQ,Halal,4,10,0.7,0.0
786,7flJeg5Tnc06cQQ7jnBtxg,French,4,5,0.7,0.0
787,qHbQ2V9K_GJqLaOaielk_Q,Mexican,3,364,0.6,0.0
788,S5aiRMdfmptZiRWdJ4mhYQ,French,3,483,0.7,0.0
789,BbODF2tZuw4xW_RFwMzwRg,Chinese,3,40,0.6,0.0
790,B3_K2kUVbYOU0VaLcj_LTw,Thai,4,2504,0.6,1.0
791,1bBLR4kZuRk7Rsmhd8GhiA,Japanese,4,19,0.5,0.0
792,1-4W4i1fj9rp0Blrg0Q1zg,Brazilian,4,110,0.6,0.0
793,zUs0dYx8zPKTkFiLdQKf_Q,Indian,4,37,0.7,0.0
794,RRwz0t3XcaMCSjTWDy3C9A,Indian,3,59,0.7,0.0
795,R9jTfyPlnfk23gy8VCCVAg,Japanese,4,53,0.5,0.0
796,Jn7Wtek5_R12TKp2VUJuhw,Noodles,3,176,0.6,0.0
797,MAwtBgCmrY-i_jbmXlDMkw,Coffee & Tea,4,691,0.7,1.0
798,sMDm_LwAvZd0w7NIpk8rZg,French,4,104,0.7,0.0
799,DdoubmNfPNRi9xNmcQ64ug,Japanese,4,257,0.5,0.0
800,jf3JRaxUYU93x8LFU-8gkA,Indian,4,152,0.7,0.0
801,7hh2eP4HVkyjtpcqeITk3Q,Cantonese,3,149,0.6,0.0
802,7aH8qPfHxuy9Hub5Q8GKFw,Himalayan/Nepalese,5,9,0.8,1.0
803,OxQ1lGq3uzl8_fgW67rXdQ,Indian,4,179,0.7,0.0
804,gc5VOvoqzM8UQJwV1mhdkA,Indian,3,288,0.7,0.0
805,2rSmA4IK51QAQj60YGvjnw,Asian Fusion,4,20,0.8,1.0
806,XwJwqa89PK-xPSiEXAs_6g,Indian,1,11,0.7,0.0
807,tuP7STBjszTvKcQLeFMnkw,Mexican,4,267,0.6,0.0
808,gISZs8okQgFIpd-yz9aC4w,French,4,649,0.8,0.0
809,vYc_dbmC4yK7X_-3vQ74ig,Fondue,4,70,0.7,0.0
810,VvIzNbkl4PDPzutZdxWCJw,Indian,4,42,0.7,0.0
811,dS2VNgvdLCAxImvcVBV6wA,French,3,379,0.7,0.0
812,xeIhR9gx0OsTdoQ0mmEUsA,Indian,4,233,0.7,0.0
813,dhR4FMfoN0-MT5JOs7B-5g,Chinese,4,57,0.6,0.0
814,lUQR6cZlHHKXOksH5xOTqA,American (Traditional),4,367,0.9,1.0
815,8fr5FYU1ip0phERt1mrekg,Japanese,4,712,0.6,1.0
816,mm8gYHxaLLRyv3CslY40TA,Japanese,4,91,0.5,0.0
817,ovOupYdkZOWUeDMOdt--ng,Chinese,4,286,0.7,0.0
818,-134ZvJ4lgiqx-sjRBWQ9g,Ramen,4,5266,0.7,1.0
819,ev6e12vhY_0y4qE1cRhv0A,Japanese,4,951,0.8,1.0
820,0XC6L2GCtuaNEI8XFEyD2g,Vegan,4,213,0.7,0.0
821,gJSX5IDyhjeMjz9IS2DIwQ,Vegetarian,4,394,0.8,1.0
822,QR1YIRzFjd2bi5iBzT9zXg,Sushi Bars,4,1047,0.9,1.0
823,7iY35991NhQ1AShJZCNZgA,Japanese,4,1708,0.7,1.0
824,J4C5Y13rwXQJYR8rKPUDkw,Himalayan/Nepalese,5,3,0.8,1.0
825,U0QlNZX8FVwiXCIIaHqhGw,Himalayan/Nepalese,4,161,0.8,1.0
826,iFhpdc5cI_uiNAZrPlflpQ,Vegan,3,118,0.7,0.0
827,zGa3GrjdAQLm2l40SPD8CA,Indian,4,6,0.7,0.0
828,3ik-lT8Pu7PAc_04af1J0w,Pan Asian,4,99,0.5,0.0
829,M6Eiyx9LXMetMUxsYe-fvw,French,4,359,0.7,0.0
830,D6ZEcG1FCZ18nekMWrhgMg,Japanese,4,136,0.5,0.0
831,_z2_1TE_1brlvljiGtJ4mA,Indian,4,257,0.7,0.0
832,jwKPVep2qZYBUA6SLLQPvg,Chinese,3,204,0.6,0.0
833,l_Td-NFRIdxu7m6pgJUqhQ,Indian,3,81,0.7,0.0
834,h0Z2RZBZbiqS-Yw22WyTaQ,Indian,3,160,0.7,0.0
835,lPvxWBM1ruaUtOr7gI-yrA,Indian,4,241,0.7,0.0
836,6OWMji5GiqRlRPZSb1lJ4A,Bakeries,4,209,0.5,0.0
837,ygmcJr9SCVPHLeIqWntwxQ,French,3,2,0.7,0.0
838,i8F0fnempD5fTb2CxbwKDw,Izakaya,4,235,0.6,0.0
839,6dVXDdgzDEVt4DvHzpWo9w,Shanghainese,3,290,0.8,1.0
840,0AWdTQZ97G4rutU0z9Di6g,Mexican,4,702,0.5,0.0
841,tAHRDrCR0l_utA91IyOYNw,Mediterranean,3,138,0.8,1.0
842,BxB7lV381jp5pmosnIBpGA,Sri Lankan,4,260,0.6,1.0
843,u7sK1-iVkY5wLY3sOe2i2w,Halal,4,34,0.7,0.0
844,AjZ9hwJRu77jgWIrnhsGcg,Chinese,3,12,0.6,0.0
845,vfpOoIrPQXZ3KUydNpM2xQ,Meat Shops,4,68,0.6,0.0
846,s4nLGFvSINH6SekvC8s9iA,Halal,4,35,0.7,0.0
847,4x4M_p_b8GvLkc4fe00GHA,Indian,4,151,0.7,0.0
848,wFFCe-z8I3oon7YD3oWJlQ,Greek,3,135,0.7,0.0
849,8ig0yf0003DAp4YOGTlbVg,Chinese,4,583,0.7,0.0
850,7DnZWIn1Dcsvq-_pIXXFZQ,Asian Fusion,4,87,0.7,1.0
851,WlRZ4JEAVqtemQ5WQhFAFg,Japanese,4,101,0.5,0.0
852,iexl39DYyy_76Xq3ExaJkQ,Bars,4,244,0.6,0.0
853,Y2I946V78wOdwaUD9chmqg,Indian,4,356,0.7,0.0
854,u_3TLN0u6LyOL01vdjFOug,Vegan,4,1333,0.5,0.0
855,CsZLG1VpdFAZiT_qRRmJ2A,French,4,126,0.7,0.0
856,zy5MD9rhrPaZkCM1d1vmrg,Indian,3,54,0.7,0.0
857,ruBUmEgfRVu7M6i64XMQ9Q,Japanese,3,210,0.5,0.0
858,3N3XesISm5tg_nsjL10eFA,Indian,4,201,0.7,0.0
859,4--r7DCu5l9UEIjs4OwKSQ,Chinese,4,23,0.6,0.0
860,E7q1Qf6380N_aMqz28EgNw,Dim Sum,4,4,0.7,0.0
861,_HxxUvRp-0FMH_RoEzG1TA,Mexican,4,165,0.6,0.0
862,00jHmlu0elBhzBsw7Y5pww,Wine Bars,4,627,0.8,1.0
863,Gxlxu7Rug2tM_V7sS4x6fQ,Indian,4,6,0.7,0.0
864,gDIxUaEpdwrU8_5MqvmP2Q,Kosher,3,148,0.7,0.0
865,-vBfKWJ1v9YdJQT5XUbcBQ,Wine Bars,4,357,0.5,0.0
866,15svH3HiVDwHMSIlRYpk6A,Indian,4,228,0.7,0.0
867,zEIt0xaPM9DIS-pc118O6A,Hot Pot,4,1059,0.9,0.0
868,Qli775QfVY4oFPNu7Cy5Tw,Japanese,3,203,0.5,0.0
869,rMaM6INxFbwAGnl658a3VQ,Modern European,4,123,0.8,1.0
870,6S62Z7e0UP82shutXERUzA,French,3,358,0.7,0.0
871,kctef59qqlzJNqAc1ZGEvg,Steakhouses,4,767,0.5,0.0
872,9Wzn5eRNDZxAqbprKF31Pw,Vegetarian,4,36,0.7,1.0
873,FCoRGys6wgE7fSQ_YAUBeg,Japanese,4,134,0.5,0.0
874,-WHZcPiBtW6sErlYswwUMQ,French,3,350,0.7,0.0
875,35bJdPviyOHhiFHOFStN4Q,Halal,3,15,0.7,0.0
876,5g7Kz9ffnv7t47oaomIlqA,Chinese,3,204,0.6,0.0
877,HC18oDJ2svQoXIddP-wuyw,Japanese,4,175,0.5,0.0
878,jvPYm9rYK-5ddnjU30Oz4Q,American (New),4,279,0.8,1.0
879,HScFap2SwbUlfC-QXVkxFA,Chinese,4,1500,0.6,0.0
880,SxpRklyvo-VHZwzO2IrpXQ,Indian,3,66,0.7,0.0
881,SB4t6vWpxlVQAfCQ3oC1BQ,Indian,3,248,0.7,0.0
882,x0k5kFArHLijdY8-NEQ7Xg,Indian,4,1511,0.6,0.0
883,G4Y3yF4UfcCNSj0JFQQVDw,Indian,3,104,0.7,0.0
884,cecWBm6P2T1dIXrTfJWKng,Indian,3,34,0.7,0.0
885,R2VSWR_2bNhfchNqdgQR2g,Halal,3,11,0.7,0.0
886,0eRir9RUGAnfKov68kvKVA,Indian,2,5,0.7,0.0
887,-P7qAIG1wr_gXW3nzIq5TA,Seafood,4,994,0.6,0.0
888,O2Wf9JozX-Av2SOV6EvmNw,Halal,4,241,0.6,0.0
889,QmelPAXgkVLZfUb27diAEw,Japanese,4,96,0.5,0.0
890,Qi1AoRNcFEX8etII_RZkFg,Japanese,3,146,0.5,0.0
891,x5HLJVEOYF-cCmGEZFu9yA,Vegan,4,865,0.5,0.0
892,IjRxYyr41Yl1fGhIrss1vg,Japanese,4,82,0.5,0.0
893,8iSU_z2JkjjUEjm-Ur470w,Tapas/Small Plates,4,767,0.8,1.0
894,ybZ4bVTE4NWBKIm829_Ivg,French,4,191,0.7,0.0
895,EKY8DwZVWpkgv6IWrepbWg,Indian,4,174,0.7,0.0
896,xTWpl9DgIkkr5B8h8_xUpA,Mediterranean,4,241,0.8,1.0
897,CpsnurlPqkUBWwqO69xS7A,Indian,3,4,0.7,0.0
898,CBbKuUbhW662l2w1IwT_Tw,Mexican,5,1,0.6,0.0
899,4SN0mwVSzVkFTpb_aH8cgg,Italian,3,219,0.6,0.0
900,ZqOxAKVZEZTa4XS4zthp3Q,Indian,4,170,0.7,0.0
901,R1hRLBVYITw5aIkLa58xFQ,Caribbean,3,10,0.5,0.0
902,b3fuuJzb0uQDtVD3Zxe2Qg,Sushi Bars,4,62,0.6,0.0
903,bAMTBEztHz4zQqYiIyzf4w,Hot Pot,4,19,0.7,0.0
904,ykf5siP-2CXY3leFbeeabQ,Vietnamese,4,253,0.7,1.0
905,1dFOF1HPaThSCsdiqR7DrA,Chinese,3,286,0.7,0.0
906,mc9lvusD4Na-KXT2z4ulzQ,Indian,4,199,0.7,0.0
907,-tI3uIKZVLc2YXWUdYWgjQ,Indian,1,1,0.7,0.0
908,wurhcLKXD4YJ5XfTxpbE5Q,Chinese,3,425,0.6,0.0
909,mNf8XWHW8peGNhCr9HNWQw,Indian,3,113,0.7,0.0
910,RoXFN-T1s6moM5smbY_5Gw,Chinese,3,475,0.5,0.0
911,xKi-O_l0BkXE25Q7824XHw,Indian,2,2,0.7,0.0
912,lTKwlr9_vWjNDPbt4I7bog,Indian,4,105,0.7,0.0
913,idPuFfnCBOTckYzVaYpfBA,Indian,3,123,0.7,0.0
914,KgpOYAG-r_eDsQXFXt0nnQ,French,4,2905,0.6,1.0
915,5mOzZ17qU_8ijlP54Q206Q,African,4,168,0.7,0.0
916,P_UREWCQxEYVbBa-KW_Wew,Japanese,4,1209,0.5,0.0
917,pNe8ZCkGTe4cXfKdOF7kYQ,Japanese,4,359,0.5,0.0
918,Dj0jblwuWTftL1D7_Kun6Q,Chinese,3,203,0.6,0.0
919,AgTj_2PYIKP519hexQCvCg,Chinese,3,287,0.7,0.0
920,9tjTiVC2HepvHwEPdc677g,Indian,2,123,0.7,0.0
921,aTFkjo0scqmOgsFF5kuGXg,French,4,339,0.7,0.0
922,yVI01P3ApyLlkqtOfgki7A,Chinese,3,18,0.6,0.0
923,D-PPbfPcCNyKs7w0J4tMvQ,Chinese,3,81,0.6,0.0
924,qs5aBgcT2v1BFlW-XqQS0Q,Indian,4,525,0.7,0.0
925,I39S72G5LG9uyDz2cNWJcw,Chinese,4,16,0.6,0.0
926,xN7JOFf3nBBDxvZ1M4Slbg,French,4,135,0.7,0.0
927,c_Zpnnae22V6MnMtYhtl0Q,Dim Sum,4,15,0.7,0.0
928,4Jp0wdJXLpmgCwWv6o6YEQ,Japanese,4,250,0.5,0.0
929,MhKxCsST8TfvEmqLtzj2Yw,Indian,3,29,0.7,0.0
930,DAGnUq-6P_muOQqSG3-OcA,Mediterranean,3,391,0.8,1.0
931,srhEv1OqoK9W5JRdiMWDyw,Wine Bars,4,1487,0.6,0.0
932,LjAt-SP7BwIpp56TZHVsWA,Japanese,4,65,0.5,0.0
933,Pv51B3SzP4OqUbJncEeF1g,Indian,3,179,0.7,0.0
934,Hnj8w5j6eaIt2NiSQc7TGg,Vietnamese,3,353,0.7,1.0
935,izRJeBfDQYJmd6ibIQ6Mfg,Indian,4,393,0.7,0.0
936,cEB3DcrN7xDyXiswWNe47Q,Halal,4,103,0.7,0.0
937,inp9N7bo9zqQSa8h8UBhqg,Chinese,2,207,0.6,0.0
938,ytABgZNWnFXQUjOYjh460A,Japanese,4,446,0.5,0.0
939,4qtJ_u-7-73ts5UPa6NBmA,Japanese,4,45,0.5,0.0
940,DY3RKjbIT3G8URhVEvQ_UA,Indian,4,5,0.7,0.0
941,uwx3yy7Wu5u55EiXRv03aQ,Mediterranean,4,230,0.8,1.0
942,yLcJTiE4n_w4sZwSfMZYZA,Kebab,4,70,0.7,0.0
943,Qz5E5sPtETWD3kwEUsBZpw,Afghan,4,450,0.6,0.0
944,qFZuYdXy57_ydnsEFdfOxA,Hot Pot,4,173,0.7,0.0
945,9eZrG8nANKuoyGSqdj_gew,Indian,4,180,0.7,0.0
946,4OGtGzKP6fvRu7MfQMRSEQ,Chinese,3,13,0.6,0.0
947,2LFYEpREb8A0gr-rQSrnXA,Indian,4,281,0.7,0.0
948,wxUTM-FkpCvnoTGJfSXkWg,Chinese,3,36,0.6,0.0
949,gJXNSJ9VXTuCFmp_Kl9TVQ,Chinese,4,80,0.6,0.0
950,aLnt6DwRxlSm8xD9nuEEmA,Indian,4,49,0.7,0.0
951,R26zweQ8-xoZS7iHkXQOvw,Shanghainese,4,1491,0.9,0.0
952,82wA_Vfg_eDckx23d3dA_g,Cocktail Bars,4,442,0.8,1.0
953,FZh1ZBFrb46tkRdZuMA7hQ,French,4,122,0.7,0.0
954,9AL3VA_4H_PMw0GPriIGQw,Chinese,3,35,0.6,0.0
955,lxQ-tzFmL1tmUqZUN-CSRQ,Japanese,4,794,0.7,1.0
956,1jBTtOBWbE-XRxyp7NyHvg,French,3,267,0.7,0.0
957,oZL2RilA-P-PgkMU0AdR-Q,Indian,3,200,0.7,0.0
958,M1VHR29gMNs3EavDXdE_PA,Food Trucks,3,3,0.7,1.0
959,v4_89HfTm05NFTuukjsl_g,Mexican,4,826,0.7,0.0
960,eht_0com4C1sQbl9qCzlag,Indian,4,178,0.7,0.0
961,K_RLEEEkMmlis5hteYlYUQ,French,4,42,0.7,0.0
962,I_Va7AZSHpEwX75S-3hHLQ,Chinese,4,134,0.6,0.0
963,8YEW9Skc7m_Fl-7crFzPyQ,Indian,2,43,0.7,0.0
964,yPWE_stCrD48WZ-xaxfz_A,Indian,4,52,0.7,0.0
965,9aJ1MVTthZw3QjqoG7mPjg,Mexican,4,612,0.7,0.0
966,vRrVSB-LegwUwIxpkeRVtQ,French,4,2388,0.6,1.0
967,iSjPBJRiWqrgxW7ZM3CGig,Szechuan,4,252,0.5,0.0
968,3W6S2wraTAj5y4Cd8eQvvw,Chinese,4,139,0.6,0.0
969,cZ2Nkl7Z_sCvanOoruvxHQ,Chinese,3,70,0.6,0.0
970,oSMFe-10TyH40NIXG0Zahw,Indian,3,388,0.7,0.0
971,tV2IY8q92bOEwVC4McgPjw,German,4,256,0.7,0.0
972,VMSO12sjs6W415PSogC7PA,Indian,3,142,0.7,0.0
973,Jy7htqnnxlKB2vZO42_-aw,Hot Pot,3,168,0.7,0.0
974,LwEzFDBX-nUHYHgAddfaxA,Szechuan,3,337,0.5,0.0
975,7uGPAk8ELYABSzZhXhj7tA,French,4,195,0.7,0.0
976,_XLLSXPIjgoZQtwU3RCcQA,Chinese,4,274,0.7,0.0
977,nrwOQSXoRXfAYhkdjiUk8g,Cocktail Bars,4,122,0.8,1.0
978,ihzI-4yGesoQuAoIocao8g,Mexican,4,563,0.7,0.0
979,ynR4-QgEOsE7VhNfIWo73w,Japanese,5,81,0.5,0.0
980,mZb4Td9YK8f1jwsg9xU_gg,Japanese,3,98,0.5,0.0
981,dL6_XUUr_INX10IOMtSM0w,Japanese,4,158,0.5,0.0
982,ci0-GO_iMb0NdTCUYWjocQ,Mexican,4,311,0.7,0.0
983,xCHApgtkLpEyh0lz-uhZvg,Szechuan,4,239,0.5,0.0
984,1_JZHKkWQBozYQ00fephWQ,Caterers,5,4,0.5,0.0
985,WdaLydR9O57rWbTnQQQ1OQ,Indian,4,29,0.7,0.0
986,V2A9Leycc5_FEpgQC34i7Q,Indian,4,266,0.7,0.0
987,iAW1UTfP8jL_vpwRh93VcA,Indian,3,62,0.7,0.0
988,VaDcSFv8Ir6lZely4BhPOw,Ramen,4,224,0.7,0.0
989,oFBgvlELwMtvqA0gcGr96g,Asian Fusion,3,63,0.8,1.0
990,StF9WWWbrRzEOmNAcEINcA,Mediterranean,4,380,0.8,1.0
991,59dXrRQE3JVItSneV3a1bg,French,3,93,0.7,0.0
992,qH8PVeddtVs9cKN2pwgdkQ,Szechuan,4,178,0.5,0.0
993,ggLd3EdBQxHK7IQHnY_hhg,Indian,4,68,0.7,0.0
994,Q3q5ODGrzCGjTUKaFEWJkw,Indian,1,5,0.7,0.0
995,hBbAmEYXM4L03AU9Vt_p9g,Dim Sum,3,103,0.7,0.0
996,T5aGLWBjIZoV0pSW80nJXA,Indian,3,292,0.7,0.0
997,GOLqh9i4qeqcj2Q3DJ3AQw,Japanese,4,4,0.5,0.0
998,uMCOyB83Et3GAMNi75Tb3w,Indian,4,1,0.7,0.0
999,26M6nFVuA4bvhU0TBZOuLg,Wine Bars,4,293,0.5,0.0
1000,Qsc2DrX3IR-uGfwnUlOzcA,Chinese,4,51,0.6,0.0
1001,xd_8cHyPO8sjIV8JMojHnw,Chinese,2,90,0.6,0.0
1002,wfhMIiMh2A2psCGONOVSlg,Szechuan,4,1120,0.5,0.0
1003,eVDV1ALwvre01Xo8v6BCoQ,Chinese,4,142,0.6,0.0
1004,9AUVb5HNQl2117Nkl7sP-Q,Sushi Bars,3,218,0.6,1.0
1005,SCQvI5pAJmD-OMm37kkS6Q,Mexican,4,587,0.7,0.0
1006,MXYtu8-0eNkW6L4firJfcw,Japanese,3,248,0.5,0.0
1007,CesS-E8Q3ztX6VnkXO6wBg,Chinese,3,214,0.6,0.0
1008,JRSAnPCs3jgiRVvE9j2S7g,Chinese,3,62,0.6,0.0
1009,321dvWH3DwQE4uaVJX2Kvg,Indian,4,32,0.7,0.0
1010,ys6rqS7Cr1IZ2kB1TNYE4w,American (New),3,186,0.8,1.0
1011,QqrEF8_ZQCGi63cL10J5oA,Indian,4,560,0.7,0.0
1012,OvdCm3j_5HzItolfvwrEUA,Chinese,3,359,0.6,0.0
1013,AA54rKcNIMglGhofj0huvg,Chinese,4,51,0.6,0.0
1014,lKxmH-hQ6ezKbq4URKrd-Q,Chinese,4,304,0.7,0.0
1015,JCFEtB6jJXbOMJ7_ZUpD3g,Indian,3,115,0.7,0.0
1016,_sipbeIM-EtR4cIzleEUhg,French,4,311,0.7,0.0
1017,ocnHpILS80DHL--34L8xpw,Sushi Bars,4,60,0.6,0.0
1018,hjEjLPf1lnAVYR3mMiuSQQ,Indian,4,6,0.7,0.0
1019,SPyN19tjQyRTD-ltN0qNJw,Ramen,4,220,0.7,0.0
1020,BYIfW55zHJNKzTvMv6hAZA,Street Vendors,4,8,0.8,1.0
1021,SP-WFoCXb_uUTy0Kg1G03Q,Indian,4,245,0.7,0.0
1022,ONQRhDuWv0e9R5xOiI7YAA,Japanese,4,1119,0.6,0.0
1023,jRN12bcaeb2MjJoe2HmuJQ,Indian,3,62,0.7,0.0
1024,myYOl6CDu1fieWKxXn-1Og,French,3,293,0.7,0.0
1025,R3UNnA8EbjhNWBHS0wJ0VA,Szechuan,3,240,0.5,0.0
1026,MbLH5wjrqEJAid5woCAh5g,French,3,233,0.7,0.0
1027,5w8CYpHKq8oQth42wSpt-g,Japanese,3,269,0.5,0.0
1028,Uoic12Je-GLfRp3D3Klp5g,Japanese,4,149,0.5,0.0
1029,EgBPFtixZK9VhRtFsobDxg,Chinese,4,5,0.6,0.0
1030,iQB37FNqD_G5_QMrp9ovnw,French,4,482,0.7,0.0
1031,pGYovGGnxm0tMmkiQJPygA,Sushi Bars,4,99,0.5,0.0
1032,AtPhAHLLdmro_p6FP61qtw,Indian,3,17,0.7,0.0
1033,t_tWuzMEsoD9GDgAm_0l7g,Indian,3,372,0.7,0.0
1034,MidK0WWI0_1tZL8AuR7Jhw,Vegetarian,4,1275,0.5,0.0
1035,eBljpfHpo3m6oc5SFw-mLw,Vietnamese,4,198,0.7,1.0
1036,nRO136GRieGtxz18uD61DA,American (New),4,2031,0.5,0.0
1037,4SK9aWKC-Qwk-cqS2dWbfw,Indian,4,35,0.7,0.0
1038,M-sTctogJErjLmoLiuyb4w,French,3,253,0.7,0.0
1039,OwcGML0xYT-t4vmMthgOkA,French,3,185,0.7,0.0
1040,MdDj13LgIs0WdbIdiyqB7Q,Chinese,4,270,0.7,0.0
1041,B9Mbi12NpBJkZcRtQNtMBA,Malaysian,4,270,0.6,1.0
1042,xrKa2SpgWzPEEbji3Iw2DQ,Bars,5,5,0.7,0.0
1043,HKjazh_40Gei5rP5ir-F2w,Chinese,4,1,0.6,0.0
1044,-GkhPQ0AVLoIAzPGfQ_SaA,Indian,4,13,0.7,0.0
1045,PBUIaPtgnhmdHE3KHglK-g,French,4,1822,0.6,1.0
1046,duofsxNkSFWVre6eV1uhUQ,Mongolian,4,224,0.6,1.0
1047,IPHolyNKu-W1DPJKxWvKQw,Sushi Bars,4,126,0.5,0.0
1048,wobICp6lQP7Y6dfnJ_4Ujw,Chinese,2,442,0.5,0.0
1049,60LpoBux4MKHBLiQJfMbYQ,Indian,4,10,0.7,0.0
1050,U7QMrNTwRrPJ__0jbb6EYQ,Indian,3,273,0.7,0.0
1051,uucP1LoFyamFS0qDwgMXbg,Indian,4,352,0.7,0.0
1052,VaL9GaBR_GR-q9d1VzJF3g,Japanese,4,448,0.5,0.0
1053,jva4AMX7zRkNsY3DKX9LlQ,Sushi Bars,5,12,0.6,0.0
1054,JFGHmvKmzW_TP6NjdvoWow,Indian,2,34,0.7,0.0
1055,38VMh0KbFDmy0femXXof2w,Korean,4,156,0.7,0.0
1056,m6sYBuozGY1JhnHlBf1Bzg,Japanese,4,917,0.9,1.0
1057,lP8uDU4oNEkPD8-Ik-PvQQ,Indian,3,280,0.7,0.0
1058,KtYEMI-_zy5hoZTBd3i3Tw,Indian,3,57,0.7,0.0
1059,bB8dHfAEJrF5tNcHr0yJjA,Japanese,4,1608,0.6,1.0
1060,YGH_FoxpVIpOJ4M5hAtQZg,Bangladeshi,3,9,0.7,1.0
1061,ar2ERFxW_GN76Xd8H0CtCQ,Indian,3,192,0.7,0.0
1062,XUataECnaOfdo4a87NqEFg,Indian,4,487,0.7,0.0
1063,bHGETjP_InKy0sIVHFgHyw,Sushi Bars,4,599,0.7,1.0
1064,GYYufTEFAK1z3CMxov0a4A,Creperies,4,255,0.6,1.0
1065,F4lLNqPJULJbiIm5CeoE9g,Chinese,3,142,0.6,0.0
1066,o0KsfMVarWBDsTOGFXVHsA,Himalayan/Nepalese,3,31,0.8,1.0
1067,HO8vjBAFY3GU1erXMZ_UbQ,Japanese,4,81,0.5,0.0
1068,bZUHH0TVoqb-vkC5V84DOQ,American (New),4,150,0.8,1.0
1069,hh0W5CPtx2MoyQGb1kAEEA,Chinese,3,206,0.6,0.0
1070,C6AAKuzSw-HrP7G47y47TQ,Himalayan/Nepalese,4,1,0.8,1.0
1071,JZvegz9gY9sJwAeDPNvMQA,Wine Bars,4,79,0.5,0.0
1072,u5V6wQQv3e4BmbyzUDYLNQ,Japanese,4,347,0.5,0.0
1073,b8O2Tiz6Xdw25GXCxCm3wg,Himalayan/Nepalese,5,9,0.8,1.0
1074,TQEajJ-kahYPOToGZIyyaA,French,4,668,0.8,0.0
1075,7-mcmUETyMifs3rbpvCObA,Indian,4,32,0.7,0.0
1076,96D85AGxI37JNnveZbC6CA,Chinese,3,48,0.6,0.0
1077,p4W_z-zh96LHEAtQ8LRSVQ,Japanese,5,43,0.5,0.0
1078,xWLSJOiN1mMRHmBmHyjAfw,Mexican,3,303,0.7,0.0
1079,L1-qxIGlGqad0mLWhW1PUg,Mexican,4,33,0.6,0.0
1080,jnEv25Y2DosTq2sNnvmC9g,Tacos,4,2638,0.5,0.0
1081,2BRJP7YeiNuWSwyn2TdAoA,Modern European,4,389,0.9,1.0
1082,lSrdxUNxyMgh5YU903JUiw,Shanghainese,4,132,0.8,1.0
1083,g6R8iwi__IDy8plQy0v9WQ,French,4,704,0.8,0.0
1084,nNBYKojg6wD3Ov52Et6Omw,Indian,3,1,0.7,0.0
1085,jJYQJGygWjIX6_0MiIoJRQ,Indian,4,94,0.7,0.0
1086,eQKYZWnBjPUjINAnFmrmbA,Chinese,3,409,0.6,0.0
1087,0GftSP2dRwEzujkv2VKIgA,Chinese,4,753,0.6,0.0
1088,umW5P3TECrA4-Et33wdtZA,French,3,67,0.7,0.0
1089,vS5WZNErrgWvHtiO3CTmqA,Indian,3,27,0.7,0.0
1090,aTzxrI2o3vH_HQkqeFszzg,Japanese,4,160,0.5,0.0
1091,4zuvAX0g_h_vBgE34oALhg,Hot Pot,4,60,0.7,0.0
1092,HCceFqcvzUbGFO5Bv6Q_pA,Italian,4,80,0.6,0.0
1093,XgqIDfU6tKPUdRxRG5uDNw,Indian,3,102,0.7,0.0
1094,80u4xIY1kp_25AUh9BW0Bw,Indian,3,119,0.7,0.0
1095,oyyubJoK0VZ2V3a5sVJULg,Sushi Bars,4,783,0.8,1.0
1096,3Wu7lGDEwuP-5OW1rdg0OQ,Halal,4,152,0.7,0.0
1097,34-HPDO5GxVlVl4pZ-Bg3w,Tapas Bars,4,427,0.7,1.0
1098,bGOZTD9O00OkVA1Pkt3OuQ,Chinese,3,282,0.7,0.0
1099,7YJxZAvMxB-oVZfHAuvBmw,Sri Lankan,4,268,0.6,1.0
1100,3dZsX3mqbVsLEXPwMYKPsw,Indian,4,86,0.7,0.0
1101,rPTtQ-FO_F9tMJDl3m50Bg,Mexican,3,291,0.7,0.0
1102,7eUoHxFCZKdYkl7ONixCKA,Indian,4,193,0.7,0.0
1103,2KCyOxOM5J9glFSpmLqb9Q,Indian,3,152,0.7,0.0
1104,a0AvIH1UnFmqAXhZDEQtrw,American (New),4,347,0.8,1.0
1105,NXZFu7KHBrG02gzYneY5Xg,Bars,4,576,0.5,0.0
1106,u9xVzV1OZC5pwtUgaHLM-A,Tapas Bars,4,243,0.6,1.0
1107,oqVG2LsTwvRzgJxId5pqiw,Mediterranean,4,421,0.8,1.0
1108,7CM15wd5d8WC_pHR674YXA,Mediterranean,4,682,0.7,1.0
1109,eY5PWvzZZ3faJWNO1seuaA,French,4,1,0.7,0.0
1110,q6BN2aVJFFFkUF4BgpeuyA,Indian,3,82,0.7,0.0
1111,h4co9O0SLuvhTtr_Cs9IIQ,Chinese,3,25,0.6,0.0
1112,7CloPu57SYPIrJAB1Ie0Ew,Indian,3,61,0.7,0.0
1113,u0qfikB-ppp6UwoNKqxlRw,Sushi Bars,4,330,0.7,1.0
1114,RBpwDqMpajBLLjMKOPrUxg,Chinese,4,87,0.6,0.0
1115,E8atCW6l6y1SVeEXbbXzEA,Vegetarian,4,528,0.8,1.0
1116,F2KRHRtnIAZJezs9UC2u6w,Chinese,3,49,0.6,0.0
1117,yV7brOiTLS3Lmwws8e3nXA,Indian,4,176,0.7,0.0
1118,Nbqzy3ea5_x2zXWkdWlUIQ,Izakaya,4,221,0.6,0.0
1119,i0CffTc5rmXjQOqq7g3I6Q,Mexican,3,499,0.6,0.0
1120,qhXIW0LDT4XsoN2IE6dZHg,Indian,4,74,0.7,0.0
1121,wfJCzfotoMELb74z4lITOA,Bars,4,195,0.6,0.0
1122,vJ8sWhkDCE0YFPyMkTvaWw,Vegan,3,39,0.8,0.0
1123,xDOwMgEWuoC19_IEQR-YmA,Chinese,3,28,0.6,0.0
1124,aUakHsv3bAk6tDtLe96rIA,French,3,330,0.7,0.0
1125,2tY5YZJvcIHWZZzC1wQUMg,Wine Bars,4,63,0.5,0.0
1126,GBJOu9Rk4JqqWjB8ddYudw,Cafes,3,112,0.7,0.0
1127,Pl7usBOnUHmpCGWgD4J0Mg,Middle Eastern,3,92,0.8,1.0
1128,ZrdTKStTAo2pchslOev1KQ,Indian,4,730,0.8,0.0
1129,ybQV8joopvU1_gG2RwLRog,Chinese,3,76,0.6,0.0
1130,RkcQl4uEJWblWf4xX8ssqQ,Chinese,3,385,0.6,0.0
1131,9bAyxRD6RsGEUQw424ovQA,Ramen,4,695,0.7,0.0
1132,kCpKwCW49k3ImuI5cK6LSw,Japanese,4,72,0.5,0.0
1133,01i6ZcU8rFhLegn6PuQb1A,Indian,3,4,0.7,0.0
1134,TN4RnyqHMSupRFot4Q-_EA,Ramen,4,3435,0.7,1.0
1135,2KDvMziRqVxdbgMMO8QExw,Chinese,4,446,0.5,0.0
1136,iXSuNKKUBIrBX7zUerlQDQ,Indian,4,433,0.8,0.0
1137,giL47kf_ln3aqJNWhGuNCA,French,4,10,0.7,0.0
1138,zJcxZQbTSAP3q4Fy-6WAyw,Japanese,4,248,0.5,0.0
1139,PQ2ZlhuTlJpvMUgvsAwtmQ,Chinese,3,296,0.7,0.0
1140,Z2qZSs6oVJQFSc44tytAHg,Indian,4,111,0.7,0.0
1141,qHi_FA4zSEkFshXQ4Chc9A,Noodles,4,17,0.6,0.0
1142,aKweUFx_E1KR4DoXIzcPxA,French,3,35,0.7,0.0
1143,aZgXYxitXJ23AVi5rRLMsg,Szechuan,4,82,0.5,0.0
1144,__XmiV4VwrbVDVHrRzn3oQ,Indian,2,97,0.7,0.0
1145,CfOBb6NU2awo8xclJpKU3g,Lounges,4,255,0.6,0.0
1146,X2C0_I0seTtjW9uL8e8FBw,Mexican,4,309,0.7,0.0
1147,Qn-qGoIkj-9uApdxb_VTeA,Szechuan,3,412,0.5,0.0
1148,cRmRAl5HHJcysKBSrHivHA,Wine Bars,4,71,0.5,0.0
1149,U9BX6bMvXHk8umBYnS3Dog,Mexican,4,1301,0.5,0.0
1150,Gfo-8z_CMOpHZVhX-HKD0g,Wine Bars,4,154,0.5,0.0
1151,eRtceh_W_yniAfCqJni5Bg,Japanese Curry,4,1393,0.6,0.0
1152,SF2G4QfcSV03sMCSsv5s2g,Wine Bars,4,640,0.7,1.0
1153,HvwzpovfVUYPxWR6nogX-g,Fast Food,5,4,0.5,0.0
1154,MhceeLrM2_3mcKw5EGLY6A,Thai,4,2364,0.6,1.0
1155,KLLRrrPHsA5oQKYwreTI9w,Sri Lankan,4,20,0.5,0.0
1156,JhJLPp6KuBcD3CHCkEKJ_A,Japanese,4,952,0.8,1.0
1157,4yOiQMheUbc0spj0_viKiA,Japanese,3,97,0.5,0.0
1158,CoPDX5NCTYOW1cM_HsO5RA,French,4,365,0.7,0.0
1159,1hbAbWZ3bdJCSg_EoS4zyQ,Middle Eastern,2,135,0.8,1.0
1160,qMHzIYzoHYe55I7L65iEQw,Breakfast & Brunch,4,515,0.9,1.0
1161,MVNhVKCIqWXUyhwqWMOnYg,Sandwiches,3,13,0.7,1.0
1162,3VZrUBCmSUt37jMB13-7yQ,Middle Eastern,4,349,0.8,1.0
1163,zGAQqDu0Ak2khVYs9WdQxw,Japanese,4,1249,0.6,1.0
1164,ut-560tVcs2g-ZU0Y_qqHQ,Indian,4,97,0.7,0.0
1165,icZcEK39HXuL2q08i4EkkQ,Japanese,4,199,0.5,0.0
1166,TiBeYTtuJfTv616H1ZGpjQ,Sushi Bars,3,364,0.7,1.0
1167,jNYhFfAXN3qyy9JbKla9AA,Venues & Event Spaces,3,48,0.8,1.0
1168,sqbSuwMNFg76ys2yNpbgVg,French,4,87,0.7,0.0
1169,8cT6XDwI9KiCaoVohlx42Q,Belgian,4,388,0.6,0.0
1170,bVyA5z69287U9B9W88hERg,Indian,3,304,0.7,0.0
1171,LWghzX6Vsw1ytEFP6lA8oA,Indian,3,195,0.7,0.0
1172,u_j2PopX_tFfQvrlerjmmA,Indian,3,145,0.7,0.0
1173,DZaN3bNWfwcm__sNw5bvDg,French,4,1509,0.6,0.0
1174,j1cyPRsQBHdeOEcjqRXs3Q,Caribbean,3,3,0.5,0.0
1175,sQ_L8O9WMU4apxSTVa9JKg,Indian,3,140,0.7,0.0
1176,49ST--X1jcIPzUIM1O3K6w,French,4,597,0.7,0.0
1177,UL1HHTZCOJqBTgQMPtvA6Q,Indian,3,77,0.7,0.0
1178,elf74aPleU0z_8muDS2sFQ,Indian,4,4,0.7,0.0
1179,uBGjcW-GuYy_qSvMykuISA,Belgian,4,766,0.6,0.0
1180,XDv71A1J3aIOu_W5sVzZ2w,Chinese,4,74,0.6,0.0
1181,-4pRolL6EQddbv4iHrIZwQ,Chinese,3,87,0.6,0.0
1182,H_TGP2AgX3IUmzq8Aml79Q,Italian,4,85,0.6,0.0
1183,F6gTjIhONOg_6OPkmRKGNQ,Indian,5,1,0.7,0.0
1184,kNzjRlXzL5XJInDqNwfMgA,Indian,4,3,0.7,0.0
1185,uZ_Ht4U1dAdUrdUNdoVHOg,Pan Asian,4,18,0.5,0.0
1186,eXrk95smyEBBIOJigCvo7Q,Indian,2,11,0.7,0.0
1187,nqGp208f_wdqoLfNQgn_Ig,Bangladeshi,4,103,0.8,1.0
1188,ujk4ucblDD3TwRderV-Q9Q,French,4,52,0.7,0.0
1189,ikazsJps1k-Br2FbunwCtg,Desserts,4,2797,0.6,1.0
1190,3C6c_zqRz_U2AyeN_7LTsg,Himalayan/Nepalese,4,582,0.8,1.0
1191,unz_YBwCWg-O5id5rxSyDA,Szechuan,3,168,0.5,0.0
1192,b_RZL-wE1PpH0nX9cv7twg,Bars,3,42,0.6,0.0
1193,eT2rROrWDAr0auGYqQrp9A,Hookah Bars,3,105,0.7,1.0
1194,F2YGnF0og_7fHNd880byCQ,Wine Bars,4,201,0.5,0.0
1195,TQzGf4k3HXyMbnNkYKKQSw,French,4,44,0.7,0.0
1196,Ac8y23odvFOIQSKdrV63Uw,French,4,400,0.7,0.0
1197,ubeG-hyIV8qoSSAk_pAZ2A,Chinese,4,109,0.6,0.0
1198,mxDfu4bHwSXoCr3FRpyMsw,French,4,254,0.7,0.0
1199,ArfL-sU2FaB73WV1qQ4c6Q,American (New),4,169,0.8,1.0
1200,eeGh0KSBTBEeHzL3wSbdWg,Indian,3,147,0.7,0.0
1201,8AM1gGIk6KVb27Q9TYwD9Q,Vegetarian,4,439,0.8,1.0
1202,akWRnF0VFJLJD4uOnGWB-g,Chinese,4,21,0.6,0.0
1203,6ptX8V8WW_IzhHXLJ4SRAA,Mexican,3,162,0.6,0.0
1204,FMwu9h0KUl3mFDuE-WDbcw,Szechuan,4,176,0.5,0.0
1205,PAhIveQCsTzi7FNPPQPutA,Indian,4,14,0.7,0.0
1206,v2dtG37r1ThqtfEfiFsAUg,Korean,3,476,0.7,0.0
1207,ZcwkYG95JHKKiLzJ8nrVYA,Bars,3,432,0.5,0.0
1208,w3wKbjuNCZnYoPOr-FCk5w,Chinese,4,84,0.6,0.0
1209,1YGpTYD8xIuUpK_beMhzSw,Noodles,4,124,0.6,0.0
1210,vksCRTDJO6ZrM_JFRxnG9w,Indian,3,4,0.7,0.0
1211,EsF2snil1ysNFXmxz2zTWA,Italian,4,93,0.6,0.0
1212,CcyjFCSKIhV2SyRpeU_1HA,Lounges,3,100,0.6,0.0
1213,Fj5RosdsJV24ZT8S6X-nNQ,Himalayan/Nepalese,3,48,0.8,1.0
1214,owKe1hapqCCLnme2Xr3mrA,Vietnamese,3,60,0.7,1.0
1215,hH8BocZ1FqiQUTMSID0i-A,Wine Bars,4,249,0.5,0.0
1216,PRQyJoum--REZ-yeEidyBg,Japanese,4,239,0.5,0.0
1217,NKI1VvfXYluRjnq4S6yEuw,Vegan,4,283,0.6,0.0
1218,aFhnb8k6H-wD070vvxt4Fw,Indian,4,146,0.7,0.0
1219,NhBUzlITbu3rdjm9UEfWsw,Indian,4,210,0.7,0.0
1220,yed6P7ldFmbsMwKZtoIj7A,Szechuan,4,6,0.5,0.0
1221,de_HHnpR9mYejcImO8jmVQ,Bangladeshi,4,5,0.7,1.0
1222,Cyv-tW4BljwWnP16HI_zAg,Chinese,3,34,0.6,0.0
1223,shNn0uGXQBD7wEIhbtzeIg,Indian,2,2,0.7,0.0
1224,Q7wFlNr4OFU0eCJXcOmopg,Indian,3,178,0.7,0.0
1225,qx-xsyo2pTtrr0KY-GNcYA,Bakeries,4,106,0.5,0.0
1226,JOXl-jcvaciJa_oQAvFkbA,Afghan,3,261,0.7,0.0
1227,HrbVnUR1-F0sareGcleyMw,Korean,4,26,0.7,0.0
1228,5SOM3bh1R5K3RZ9E20TxUg,Mexican,3,458,0.5,0.0
1229,CnixInBJQ7LIf3WgBAEV0A,Pakistani,4,11,0.5,0.0
1230,t1w4qyqyfEdTPhoy-5t3FA,Japanese,4,2928,0.7,1.0
1231,0v0uYzYlIbxD0lGTiXhG-g,Wine Bars,3,224,0.5,0.0
1232,YjDOSFuRWNp2d1znivWyIA,Specialty Food,4,262,0.8,1.0
1233,0CjK3esfpFcxIopebzjFxA,Shanghainese,4,5689,0.6,1.0
1234,OQjI8bMxpnx-9WKzyGqfmg,Himalayan/Nepalese,4,65,0.8,1.0
1235,LQvI-JYji1jO5wySb8KZiw,Indian,3,50,0.7,0.0
1236,Bft47FX6dorGwlUypMrG2w,Indian,4,92,0.7,0.0
1237,hD55NUiGDK7STQ8oy9QDPA,French,3,438,0.8,0.0
1238,N9QzfD5sbkbnfdJk227L7g,Chinese,2,3,0.6,0.0
1239,6t5xWjPLWAjJV3YFMX_oaw,Japanese,4,140,0.5,0.0
1240,WcTJzuVYTWHd0hvdAWO5Nw,Indian,3,16,0.7,0.0
1241,H-6xYovzB8AKZb14bmYnWg,French,3,279,0.7,0.0
1242,-DHpd5b4c3fX1yIuOyYpzA,Sushi Bars,4,4,0.6,0.0
1243,HVwZqjXB39xb2wJeQBX8Gw,Japanese,4,351,0.5,0.0
1244,IqbHVeqgewmbeSMXBhbqSw,Chinese,3,290,0.7,0.0
1245,_ztYFP1H6uJmR-9cVLDU5w,Indian,3,73,0.7,0.0
1246,ml3ASw5_B5XLnd9kE8xx3g,Indian,2,87,0.7,0.0
1247,tsHdT1GDibhYYA0JA7Z9tg,Noodles,4,400,0.6,0.0
1248,GgVSxkEzFRyAorxuODA1tQ,Indian,1,2,0.7,0.0
1249,ud5ZnsGKFsgw0KErntD2lA,Chinese,3,111,0.6,0.0
1250,fu5f6biOPsvgKYEfPfSZEQ,Indian,3,122,0.7,0.0
1251,RYoc4EBUNOtgbg7c32OG9A,Korean,4,275,0.7,0.0
1252,HJg9TbpyWvb6-AFPdb7NCA,Modern European,3,129,0.8,1.0
1253,GdZNFFSSnpmOn12Bd6XoEA,Bars,4,24,0.7,0.0
1254,HM7Mz6Hpxts58JJP7qELNQ,Indian,4,264,0.7,0.0
1255,FNxOWxts63oDRKwy9Pbfzw,Italian,4,110,0.6,0.0
1256,bB74yGzEa3N3k4YYU2rcXQ,Bangladeshi,5,18,0.7,1.0
1257,zV5u8sr2u9x_oxq7BNuKKw,French,3,274,0.7,0.0
1258,Csg_qjYzhQxKAinj814AKw,Indian,4,26,0.7,0.0
1259,S8a--JIL9yEaU-D1yucI9Q,Indian,4,334,0.7,0.0
1260,9pI_G9xGiTY4YCcfe9eoPA,French,4,330,0.7,0.0
1261,qNyUkJJjg1Tu6XmhAUU1sA,Japanese,5,20,0.5,0.0
1262,URKDkoIl1s1rIfGOfPe7PA,Sri Lankan,4,5,0.5,0.0
1263,hR1bG0jgd2_Z9Q5L6siTEw,Mexican,4,36,0.6,0.0
1264,pTMnHb_W3sKqS8oCzjHdVA,Japanese,4,217,0.5,0.0
1265,7hyQqnnAisSL-nfIWCPziQ,Asian Fusion,3,229,0.8,1.0
1266,7EaiwMVaNdQibSs0yYkE5Q,Japanese,4,2045,0.7,1.0
1267,sOu_0B7CgxYEzwagOh27Tw,Indian,3,51,0.7,0.0
1268,PZLdVjlGHc9XlvFDdxHcIw,Delis,3,17,0.8,0.0
1269,9pMhRYYgV7E9L7pzECtJKA,Indian,4,874,0.7,0.0
1270,7CfaiHE11MO2zAiu3w6bsw,Mexican,4,184,0.6,0.0
1271,3_pn5nxp9NuGv7tJ61Mslw,Indian,3,43,0.7,0.0
1272,LYp3izplqg0x-h9CBlb-MQ,Chinese,2,202,0.6,0.0
1273,SXWnyFNLCehVlJPRxk7gAg,Mexican,4,302,0.7,0.0
1274,bEXTA_Gwo2oVg4gnFd9fNA,Italian,4,1182,0.6,0.0
1275,zIp8N3qSklx2-ewVOAR0LA,Indian,3,6,0.7,0.0
1276,RNkC2QcUjaYc65GI_ftngA,Seafood,4,109,0.6,0.0
1277,pil3w2-2REoXBwEToYZ_tQ,Cocktail Bars,4,129,0.8,1.0
1278,dSaMEWm0EQTG4TOeUetU5w,Chinese,3,126,0.6,0.0
1279,xGNzAsakHgbbl9fwgSoiUg,Mexican,4,52,0.6,0.0
1280,Qwd4Tv-CqgO2Yl9zZgkKOQ,Chinese,3,271,0.7,0.0
1281,4qNjla0etKdN6WCTphBVug,Noodles,4,31,0.6,0.0
1282,U5dCWjAxrvLLMH1ErpGfvw,Chinese,3,117,0.6,0.0
1283,kesYSgOJW5krU6L8n9qQ4Q,Japanese,4,190,0.5,0.0
1284,E3MkTTS4ZDjWV9YT5i6eUg,American (New),4,96,0.8,1.0
1285,5lB2jlIeaEE-xoQ7fKygSw,Indian,4,55,0.7,0.0
1286,phfxciZ6-Hch_HbW_tvm_A,Mexican,4,288,0.7,0.0
1287,FJFliqqHXFZutkp_dmWdfw,Vegetarian,4,257,0.7,1.0
1288,_2V0as8DZDwVxAi3ZJ0JkA,Japanese,4,279,0.5,0.0
1289,R7EGjHWw0tNheY6-ahH8fQ,American (New),4,413,0.8,1.0
1290,tf3RVircY9-8adku41N6VQ,Burgers,4,530,0.6,0.0
1291,50fWXrNECQQYght4ZWeBXQ,Fondue,4,565,0.7,0.0
1292,bVkia681mgwsvAe0TckVbQ,Indian,3,17,0.7,0.0
1293,rln4dIU0ApGvEEI-Ne2bbA,Japanese,4,75,0.5,0.0
1294,BXoW0AUDE7WZJcY-Vhqlbg,Indian,4,84,0.7,0.0
1295,uXtaduMyk2oGdnHYR4ZafA,Chinese,3,181,0.6,0.0
1296,4LVINhq3y4hCrxtShrNkYQ,Ramen,4,234,0.7,0.0
1297,Lr8pyIPm3SsVcT3IlCXwcw,Noodles,4,71,0.6,0.0
1298,6NcU2JAznLr9dDHp6GgQyw,Indian,4,219,0.7,0.0
1299,aY8JCml1xlOg5a1BHn2DNQ,Japanese,4,84,0.5,0.0
1300,3pgbgiPTA2WmZ9fsDKlojA,French,4,114,0.7,0.0
1301,SMImQM_JfZkIZwflTgOAoQ,Chinese,4,12,0.6,0.0
1302,EvAJBgBdgOt1jx1EufRN7w,Ramen,4,781,0.8,0.0
1303,vApeod35mjcuiwrdLnobmQ,French,3,305,0.7,0.0
1304,H1jops1lmuhrq9lP7lEGJQ,Chinese,4,1125,0.7,0.0
1305,3lzpz9U3xLuiBsefmxMzYQ,Indian,4,196,0.7,0.0
1306,pq7EMUOLCbQdKQ7PWL2bZA,Sandwiches,4,40,0.7,1.0
1307,FE80r0k7fyRMGKCF1gaWdQ,Desserts,5,1,0.5,0.0
1308,XYusVoJKFBU_-LIGYlkZeQ,Indian,3,24,0.7,0.0
1309,_lixxjh89aMAcEhyvQDIiQ,Indian,2,128,0.7,0.0
1310,Dr_eezrA2Cc_azMYnwhRkA,Seafood,4,25,0.6,0.0
1311,UH_aksIxzGPPyhWZJbTP7A,Mexican,4,441,0.5,0.0
1312,U45dUNzVKs2KlM5HRgbDGA,Middle Eastern,4,41,0.8,1.0
1313,Ty1MvJz88DeNmX0eDHeMyQ,Steakhouses,4,101,0.7,1.0
1314,-EqTI_ssZs0iNM39KjzlQA,Chinese,4,75,0.6,0.0
1315,p0aDcwnhhjnAfn67tEFesg,Indian,1,5,0.7,0.0
1316,Y6Q4uhE-GsP2iykSW9oJPw,Indian,5,6,0.7,0.0
1317,Fd6_gi9cKnZuVfIx9KjJfA,French,5,1,0.7,0.0
1318,lFq-2FMJogdokie314E1bQ,Chinese,3,269,0.7,0.0
1319,DgOIxoy2Cj9O93Vwzp_u7Q,Brasseries,2,288,0.7,1.0
1320,fVslDZ8dGsVmcRhS0R0kFg,Spanish,4,289,0.6,0.0
1321,L9n68f-cdk7RMQvRJvC6bA,Indian,4,167,0.7,0.0
1322,ln1QgdpUNy2E4MY_sYv_yQ,Indian,4,14,0.7,0.0
1323,hKkPlYmHoS9Nb_UbGGqx8A,Cocktail Bars,4,265,0.8,1.0
1324,0jqs32xyAioVbz7BBzrO6A,Indian,4,1,0.7,0.0
1325,0vg2Z-HPwkyVVX613j2ysg,Chinese,4,368,0.6,0.0
1326,zZpuUqF0iENnyYd2UYIX6w,Wine Bars,4,306,0.5,0.0
1327,beILZHnGvC98CO59aOmo1w,Grocery,3,17,0.6,0.0
1328,c6R_hvUwsqXX2MUXWtO94Q,Ramen,4,306,0.6,0.0
1329,zVLG_O3AQnvQ53PSJ5mTMA,Indian,4,462,0.7,0.0
1330,CcxreLJbZsO6Z775-hMWpw,Wine Bars,4,102,0.5,0.0
1331,WIj12zDqIbBucW1hXYhrew,Chinese,4,221,0.6,0.0
1332,Z-KV06jQbPovawp9dJD3vA,Bars,4,54,0.6,0.0
1333,Aux2Mp7bGnF3S6h60ab3iQ,Chinese,4,38,0.6,0.0
1334,gTVg1OTkZ-uCVZ12XPbi1Q,Wine Bars,4,107,0.5,0.0
1335,6MgQz0SEOYUih2N5JOa6rg,American (Traditional),4,103,0.9,1.0
1336,9vQca1DMqfbDGssiqEd6Hw,French,3,190,0.7,0.0
1337,Clumryf360iOnwpZ2ML8aw,Sushi Bars,4,252,0.6,1.0
1338,3hlAeWgSKAnSQ1tg8k8D8g,Indian,4,193,0.7,0.0
1339,tXZOJhUUknjTRRo9j4ckZg,Uzbek,4,152,0.7,0.0
1340,HbCyzokiA19bEWUp6mga_g,Wine Bars,4,173,0.5,0.0
1341,NNCpFCnTwMgKhA10lK_DzQ,French,3,139,0.7,0.0
1342,TFE8EAjOqkrHYM9jH6De0A,Himalayan/Nepalese,4,39,0.8,1.0
1343,6kBMtBA9opJxZv01fiAnvg,Pan Asian,4,19,0.5,0.0
1344,3gqKLANaXNsHZnPDjKrcTg,Taiwanese,4,350,0.7,1.0
1345,tKpTRuNe7JJD6IYFPVCXNg,Mexican,3,208,0.6,0.0
1346,olRNNJCJ2TJvPRmjBiOcGA,Chinese,4,136,0.6,0.0
1347,RP02PZPNdhfoL-TjOMiKVg,French,4,143,0.7,0.0
1348,mdNall-R8nQb6gYLxWlJMg,Mexican,3,148,0.6,0.0
1349,oLg2HxLYChgvMRTK5ZSdKQ,Wine Bars,4,186,0.5,0.0
1350,iueVEi_vQxdAzdXs-8Fvrg,Japanese,4,131,0.5,0.0
1351,f7g3GhoQs9nQVTJEL2p48Q,Mexican,3,438,0.5,0.0
1352,hDgpiXE5_d4Is1sJ5kUBQg,Wine Bars,4,725,0.7,1.0
1353,ieXKc6S3WlEiVkyxgaF9Ig,Japanese,4,108,0.5,0.0
1354,HyiLSYD9Zppd3eAhNHp3ag,American (New),4,186,0.8,1.0
1355,_Acmtq5Nnv4Xmqmz914CUg,Chinese,2,11,0.6,0.0
1356,AvTezlpt3GXTdSEnXbHP4w,Chinese,4,358,0.6,0.0
1357,-OixbLnFLCzQclxCSbUQ8w,Thai,4,1980,0.6,1.0
1358,Bu_tZ7DxR12e7KULo180lg,Chinese,3,14,0.6,0.0
1359,Orbsfc3nI21mQ8cwSPahhg,Wine Bars,4,152,0.5,0.0
1360,D13m2P0qKQUWNqIW-lpHZg,Shanghainese,4,235,0.8,1.0
1361,vGPfnRdwOdcghhlO1bkuTA,French,3,102,0.7,0.0
1362,-olla_BldF5Y84I9ezRNdA,American (Traditional),4,702,0.7,1.0
1363,L6fT2SWSRlwBEc3jWqV2Ig,Chinese,3,19,0.6,0.0
1364,V5hpSbA41oFAIzvZlv_1vQ,Mexican,3,200,0.6,0.0
1365,txfjMwfqr0HXNFZTJTkYiA,Halal,4,18,0.7,0.0
1366,1TEsPWu212B918MtgiSu3g,Japanese,4,47,0.5,0.0
1367,vwgLem_9f5zJUXI_c0gM8w,Street Vendors,5,8,0.8,1.0
1368,DJSsqXhaP2C4wXG8EPL1bg,Indian,3,231,0.7,0.0
1369,-lgNzAEyFr8LCTuBTWnAMg,Dim Sum,4,202,0.7,0.0
1370,6YsCjSkCoUJ6rVDJe04Yuw,Himalayan/Nepalese,4,264,0.8,1.0
1371,WIZPPe8T4s2AtLgDcNL0KQ,French,4,1,0.7,0.0
1372,nCZItoG9cfqXBP5mn9Kv7A,Kosher,5,1,0.7,0.0
1373,ul5xrEoxwdyRCL6YGhaShw,French,4,10,0.7,0.0
1374,objNX6cuj1JyUijFjw21Qw,Indian,4,110,0.7,0.0
1375,LJfveecaTYurCxv1Al9iFw,French,3,216,0.7,0.0
1376,9MO5UogFuvqAriOA9RlqKA,Vegetarian,2,2,0.7,1.0
1377,hyd08lsVkYzCfbbCuzla5Q,Chinese,4,5,0.6,0.0
1378,0yMlU3xbdawYFXmjNc0dhw,American (New),4,135,0.8,1.0
1379,TWVmYLuG-w6fsrzKpmX6XQ,American (New),3,419,0.8,1.0
1380,Uu1wc7CrweSIB4B7FLdbwg,Japanese,4,295,0.5,0.0
1381,_7BGw3YFNOTzP1Www3zB7g,Indian,4,276,0.7,0.0
1382,i8ejDDR4COtukAAA1Ls5fw,Japanese,4,1404,0.6,0.0
1383,RdETxi25tbocKIcMiW5TxQ,Indian,4,521,0.7,0.0
1384,CwAE-SZzIa8A2AUiF0wZ8w,French,4,90,0.7,0.0
1385,GIMg62Ga_YBstQUX_B1h2g,Ramen,5,5,0.8,0.0
1386,4Hxhgx2AufLIuhrqyz_7IA,Halal,5,12,0.7,0.0
1387,Nt3Y26a6OMtdBe8xMMJjqQ,Noodles,3,275,0.6,0.0
1388,8tcFpd0dcmfzbLgbTO4tdw,Sushi Bars,4,218,0.6,1.0
1389,kmcgUxWhwlbmC-FAMTEF2g,French,4,1129,0.8,0.0
1390,e-6UcplEErq2Hj14-eiM6Q,Chinese,4,24,0.6,0.0
1391,npWACY8WDDyYhMt0s3YFwQ,Wine Bars,5,7,0.5,0.0
1392,HsEmXckXmsRAAEVDFCGYYg,Indian,4,490,0.7,0.0
1393,ue-iu3tMiHAv7JR0YuhOww,Mexican,4,367,0.6,0.0
1394,YDtIHtfvWd4W36wq6UAjoA,Indian,4,216,0.7,0.0
1395,WA6HwJ3UlGWWCeJdOTlLWw,American (New),4,105,0.8,1.0
1396,dxK7_NNqLDYG39VGZI9B3w,Indian,3,14,0.7,0.0
1397,-HYrr7-Bx-RuQO0Bo0F4iw,Indian,4,17,0.7,0.0
1398,IPObt34MFs_Icr83NE7RFQ,Indian,3,43,0.7,0.0
1399,8vDBwBThldNxqvQ7ur1Uzw,French,4,119,0.7,0.0
1400,pv_9QjRf45GRd3pMeKmmKw,Halal,4,9,0.7,0.0
1401,aD8oSYF3Pt3CbUXdOPsI_w,Chinese,4,2,0.6,0.0
1402,85123ck6ZQF5-4rTQbDHjA,Indian,1,2,0.7,0.0
1403,SNDUD4LFjVHWwrdAkokxRg,Chinese,4,72,0.6,0.0
1404,5zbm-v588DGgpce2MjG_5A,Buffets,4,82,0.6,0.0
1405,E1NbrEDNxq_cl39sMfxX5A,Himalayan/Nepalese,4,246,0.8,1.0
1406,sfsjk1h50ooC2ioY7m48gw,Barbeque,4,258,0.5,0.0
1407,xKgh4ZcjY5fTmXTvYVrsbw,Coffee & Tea,4,49,0.6,1.0
1408,amboTZhPnbgBb-SLBbTMFg,French,4,1,0.7,0.0
1409,4sHkiQ0qURBjL_gVLQbGPw,Mexican,3,169,0.6,0.0
1410,8ObY1IkKWvx99nIOqRBshA,Noodles,2,39,0.6,0.0
1411,Yf4SjE9tfd1ASaT3xtwYzQ,Indian,4,5,0.7,0.0
1412,KkPanVlxtpsuG0V0IlEchg,Chinese,3,2,0.6,0.0
1413,OU0Ca9LtXllTDSKBCIgy6A,Coffee & Tea,5,42,0.6,1.0
1414,_Kc_mFOk7zMPDcDhkdJE7A,Mexican,4,414,0.6,0.0
1415,PfKFF97l-N9eBEkgcFkD9w,American (Traditional),4,65,0.8,1.0
1416,NIRIpvQRp4uF-wY_JfJF0A,Basque,3,326,0.7,0.0
1417,dkEJt6iKn8gtzR6dC63v1w,Brasseries,4,11,0.7,1.0
1418,W0_Rdy8PlbAvS9K9ggkBfA,Japanese,4,113,0.5,0.0
1419,AnrLdpW6G-tXQ7xhBYiA5g,Bars,4,115,0.6,0.0
1420,QBhHq4eN7rtFzmDUciVL-Q,Chinese,3,123,0.6,0.0
1421,zm-PPnv9eAkWYFGpVg9kMg,Japanese,4,291,0.5,0.0
1422,_pJXD4g4Fr0uWZvSKuG_cQ,Sushi Bars,4,247,0.6,1.0
1423,QHZxlt8nFqycBrxxizwKmA,Indian,4,92,0.7,0.0
1424,-p7dvuKa91_4B-aiFIFB8Q,Wine Bars,4,817,0.7,1.0
1425,6qK0MyhsXYLgMSPWZdleGA,Japanese,4,163,0.5,0.0
1426,-_LtKO0FdpINUMAWMfDOOQ,Pakistani,4,117,0.6,0.0
1427,1bcaN1lL4GeROa-JoGal9Q,French,3,122,0.7,0.0
1428,y5b85IZGLxNdksDBFm1GBw,Italian,4,81,0.6,0.0
1429,cP7vkHiDU0emIPrEexv5vA,Middle Eastern,4,390,0.8,1.0
1430,hNFe8WhCibrqT4sFcZmAgw,Chinese,4,91,0.6,0.0
1431,YWYbLfHO5FjnCQ_uuy6Kdg,Wine Bars,4,381,0.5,0.0
1432,pBNMZp_tKCAfRNx7-ybcHQ,Cuban,4,420,0.6,0.0
1433,5YFgQpN3AnlLFG4m5fCvzA,Indian,4,3,0.7,0.0
1434,TNymQn5Fb0GobRGbax1vRQ,French,3,110,0.7,0.0
1435,ugEZc_Cc4tu71j-yuj9HCQ,Indian,4,72,0.7,0.0
1436,l3USyZNhkkTsG-6-rHvsew,Wine Bars,4,65,0.5,0.0
1437,2lJwfmyRKO8zFz5Xuiw11w,Chinese,3,310,0.7,0.0
1438,sBL7J7s4Rnul40-MB0hXbA,American (New),4,56,0.8,1.0
1439,Sqp7ukA0qpGcqWbDgMSOCA,Cantonese,3,17,0.5,0.0
1440,_kaQarBVxm8rHnyeFlCwTQ,Cafes,4,15,0.7,0.0
1441,AJ_XzncxDq2atPCoNGblWA,French,3,151,0.7,0.0
1442,3NYQQckItp9l7GDzALw79w,Chinese,3,56,0.6,0.0
1443,-w4biAdR3WM63HlRSey1Ew,Food Trucks,3,6,0.7,1.0
1444,rFn8eGtNvAm-hMgKrLIQ9A,Wine Bars,3,30,0.5,0.0
1445,mjGdtrh0tX7I91GM9dlMNg,French,4,125,0.7,0.0
1446,NjBgTtcJgdXKLvqYt3C8CQ,Seafood,3,89,0.6,0.0
1447,1DfbZ0VsSCg9g1KILmnvzQ,French,4,1529,0.5,0.0
1448,Wx6lMnEh7dCmX-9PQF1Ifw,Mexican,4,1769,0.7,1.0
1449,sCHiXF4mZcsiY8_cBHNiqw,Indian,4,675,0.8,0.0
1450,M6aCb7aJzIAyiNJ3c9WpMQ,Belgian,3,93,0.7,0.0
1451,55jx0bYJ-odyqKKSrDXtPA,Japanese,4,119,0.5,0.0
1452,h3yz3w8ke1jIaGnqGln93A,Chinese,3,35,0.6,0.0
1453,EaNRl3vlDOsNF-gkCR5mBA,French,4,36,0.7,0.0
1454,ZikqL-flwV2XYlKtL2UfmA,Indian,4,366,0.7,0.0
1455,aije_BqBVVl-6T13QsnRqQ,Cantonese,3,204,0.6,1.0
1456,6dSiCqC9x51PZRMOvdQTpA,Seafood,4,801,0.7,0.0
1457,5YBYGnZtTGJABXC4Jahhzg,Shanghainese,4,210,0.8,1.0
1458,LjBKkUSpMwrpo99hXgtHYw,Korean,4,851,0.7,0.0
1459,qa8OUhoOiOmCYbAAQAj1cA,Halal,3,4,0.7,0.0
1460,GJZnf3B-ADjlCV1NXsHvGQ,Chinese,3,94,0.6,0.0
1461,uVo8WHNQo3iU0dhoUKM0kw,French,4,339,0.7,0.0
1462,gbtGZtbjaFDgTHs2x6gedQ,Waffles,5,1,0.6,0.0
1463,MYPes7EWP5aLiVG1Z_9eFQ,Dim Sum,3,152,0.7,0.0
1464,I2lgw_7DUnwD92ND4PN-Ow,Italian,4,1144,0.6,0.0
1465,mCxVAHNCDmWQw7ONts8PSw,Mediterranean,4,207,0.8,1.0
1466,jQD0E2iEhPmNqkEs-3QUwQ,Indian,3,68,0.7,0.0
1467,J_9-q-WFMWg5swNVzzZ_XA,Mexican,3,359,0.7,0.0
1468,OUzTKc5YcCPOPG5e8Di67g,Tapas Bars,4,765,0.8,1.0
1469,i2Uid9K9_lFxDGzjgXCKpQ,French,3,5,0.7,0.0
1470,7l0uy47dEHXg2S1lA1s-EQ,Mexican,4,69,0.6,0.0
1471,1_JEFOI19hAu3VoODcTUvw,Sushi Bars,4,143,0.5,0.0
1472,53y6b_-YaptXhlm2-STzeA,Asian Fusion,3,490,0.8,1.0
1473,0vdgqmIt6e0suBu2g-M1UQ,Wine Bars,3,414,0.5,0.0
1474,SKoMUaQewpMdj1Mg8QvBNw,Japanese,3,290,0.5,0.0
1475,KavW0SjAiElP2ajaexNQDQ,Chinese,4,60,0.6,0.0
1476,oyRcOkU1wvznOfQ_Wp3IzQ,Indian,2,20,0.7,0.0
1477,Xf6e3HaP0AgMBxY7dEDkOA,Chinese,4,1616,0.6,1.0
1478,m2_ZNFos5ugAwe8ft8eaEw,Thai,4,353,0.5,0.0
1479,1z5Nu66M6W8mk5Ap4osZwA,French,4,1400,0.5,0.0
1480,_2XWB0vPqUqkWdQuXfWi2w,Indian,3,260,0.7,0.0
1481,ssGhu4n3emZ9kEPVf371IQ,American (New),4,1976,0.6,1.0
1482,-PCQyh7uZPBamQYfpI8RBw,Indian,3,104,0.7,0.0
1483,kZ8u0LxEaYLGKbfdmOWzRw,Chinese,4,6,0.6,0.0
1484,OLSSJIp8pu5UlugTF7tuHA,Japanese,4,1291,0.5,0.0
1485,3DVKbi5cSLMlmph43RF_kA,Asian Fusion,4,335,0.8,1.0
1486,lynQoI3w_pzYfHGeuUU-Qg,Chinese,4,661,0.6,0.0
1487,J0vr8Jpe9t7UgoybpbgkFQ,Himalayan/Nepalese,4,73,0.8,1.0
1488,FlZ1zdVEKWv7dwqm8Uw8-w,Japanese,4,854,0.7,1.0
1489,rML0mPoWQHxG8ifHGuI7pQ,Pakistani,3,88,0.6,0.0
1490,bmBaNYCqL2i1iHiHDbIl_w,Breakfast & Brunch,4,191,0.8,1.0
1491,TBp9gdS6xEbSQqffVZ7iag,Sushi Bars,4,687,0.6,1.0
1492,Xl-zlT0NLLiKhym88em22w,Indian,4,164,0.7,0.0
1493,I-_4uhJkmsnK_dj8n69GLg,Sandwiches,4,319,0.7,1.0
1494,B98cXrMI16HslKLqg6Nb9A,Dim Sum,4,513,0.6,0.0
1495,bcqTacyE-0XDaZYG_xbTBQ,Noodles,4,302,0.6,0.0
1496,nF-EOBd_H1fX50iT1EIVZA,Tapas Bars,4,528,0.7,1.0
1497,e_EQojNWskn_hFbKA_UZ-Q,Argentine,4,209,0.6,1.0
1498,zYoL-o9YJpGTwJ-Gmj8AFA,Chinese,3,313,0.7,0.0
1499,FavssEgZjXFi2unEXePkVQ,Mexican,3,313,0.7,0.0
1500,FLKABU82NNDnCvZSZD75Bg,Ramen,4,212,0.7,0.0
1501,mUl0wtO7tPkBocuJqZ-7Dw,Chinese,4,94,0.6,0.0
1502,-bdxB20YveudeyL63chscg,Seafood,4,577,0.6,0.0
1503,5m-TrbqMNnwJvOd7pAt6OA,Sandwiches,4,1167,0.8,1.0
1504,qVlDLz8Ri-ThAFJgYHuQ9A,Japanese,4,29,0.5,0.0
1505,N7pDKAFOR1F_oCVH_Fc7Wg,Indian,4,236,0.7,0.0
1506,Scs2L-4imyt_lorJ6biFKA,Cafes,4,99,0.7,0.0
1507,qcvGRJT3QedXz7p3_CDmmA,French,4,176,0.7,0.0
1508,25KSIumOXSnysnUIGAhNYw,Japanese,3,251,0.5,0.0
1509,ZIfh0Vv86ktGZDdM3YME-w,Mexican,3,238,0.6,0.0
1510,kS2CP48K66yL2TwIhUqy_A,Indian,4,829,0.8,0.0
1511,Ih7hLJl-UiGSrBEI3A12gA,French,3,104,0.7,0.0
1512,2wkDxFATkqvhAojWtRdrQg,Indian,1,1,0.7,0.0
1513,kjDnwT4HwQDVjGo1OInaEg,Indian,3,21,0.7,0.0
1514,a7rM-AOM7_xi8AlWX-Thkg,Sushi Bars,4,216,0.6,1.0
1515,2hmhZim4bX2lbjPSNc7LaA,Tex-Mex,3,420,0.7,0.0
1516,uamIIAKNHqBCR50IpEi-TQ,Chinese,5,3,0.6,0.0
1517,AeNU0DYNtYDVPGnWAIh-0Q,Asian Fusion,3,356,0.8,1.0
1518,fZOmB4eaVlnf6LIejL2vBg,Halal,4,64,0.7,0.0
1519,7d9M58Bi4ZzgZZjLjvrzUQ,Afghan,4,15,0.7,0.0
1520,CPBVjdezPyeBTxW1q6R1Zg,Indian,3,37,0.7,0.0
1521,lMoV8XWfzPsN1Q_Yl40sAg,Indian,4,365,0.7,0.0
1522,l7G5tDA96xbA_bx1ZgkOeg,Ramen,4,418,0.6,0.0
1523,UQGwXsOt9u0uZX0bY6j1kw,Bakeries,4,237,0.5,0.0
1524,OAqsZMbjv66nOMqlimnYuQ,Italian,4,2168,0.7,1.0
1525,qOomR3AwClOGpV1HdqOTFg,French,4,198,0.7,0.0
1526,8xYvp9j7j8RCRQGsiRRujQ,French,4,325,0.7,0.0
1527,W4UAL78mPBHTdi8G_te9Ew,Creperies,3,203,0.6,1.0
1528,kHeakps7Gj8EaImiOYaX8g,French,4,102,0.7,0.0
1529,x64xHVZoQj1ZOjzPqVprkw,Noodles,4,240,0.6,0.0
1530,JUGgD5WXc8eU5MoBKrfSGA,French,4,94,0.7,0.0
1531,ciIoPi0WqaNyB6xkwRKxzA,Indian,3,107,0.7,0.0
1532,GeXd_6XseU9E8oC1p1SaNg,Salad,3,189,0.7,0.0
1533,SBJHGtqJyfaU47NPjGAU6A,Chinese,3,116,0.6,0.0
1534,8FJ8XVa-duF8rPeyfscUPg,Chinese,3,127,0.6,0.0
1535,GAvyDral555vltKrupUcjw,Italian,3,303,0.7,0.0
1536,AABqAsYdRI9gSyU1gStdxg,Cocktail Bars,3,131,0.8,1.0
1537,xEDD2ScBU3jHhWxlMC7dkQ,French,4,1072,0.9,0.0
1538,XL6EJm_QKNnxeGiSJXXbUg,Ramen,4,104,0.7,0.0
1539,228DO__YwYmliMx6Q5jTtw,Mediterranean,4,504,0.8,1.0
1540,AkRdoWYv2QmsXD9LSWl2zw,Diners,4,375,0.7,0.0
1541,DKGUSLiqNchBNatKoPM9QQ,Chinese,4,143,0.6,0.0
1542,ypIozGpyE9d4kVt8GiJ7ew,Pakistani,3,1,0.5,0.0
1543,1HCAu_tB8mzZ0qCFltGfew,Indian,3,222,0.7,0.0
1544,0v2rI4CivY0nrQM3_W4VmA,Japanese,4,153,0.5,0.0
1545,ugYhnKrr3Q1TVV15R0EEWQ,Turkish,4,390,0.6,0.0
1546,p6-X_mg5ETcUuV-X4RkPCg,French,4,38,0.7,0.0
1547,8vYGvXF4OyKv2KV0-iIxrA,Indian,4,233,0.7,0.0
1548,ujKLiI39ie5K_iB-TLaFMg,Indian,3,40,0.7,0.0
1549,3RuiiqUg8C3HZ-RuvlqtBg,Indian,2,66,0.7,0.0
1550,xQ445GaWVN5Aa3sFX9OoIg,French,4,1607,0.5,0.0
1551,m5Whyz8O8jM4DrE808h71g,Indian,4,498,0.7,0.0
1552,iX-JFBFrKAJuv07uhHoi5g,Bakeries,3,201,0.5,0.0
1553,ydjApPbEDF-hXbdxlus4jA,Sushi Bars,4,566,0.8,1.0
1554,TmjnScDis_LA6UuqDHjhGA,Bangladeshi,4,3,0.7,1.0
1555,ueL0t_7Yu_ev2RrWK9dgDA,Mexican,4,101,0.6,0.0
1556,CdHOwIO6OFNXZxPYEUts2g,Sushi Bars,4,616,0.7,1.0
1557,uTXRhiUm5yXLLjC1oGy7ig,Steakhouses,4,604,0.7,1.0
1558,bL_SxpTTk8Y25mRFmhap6w,Wine Bars,4,348,0.5,0.0
1559,m9Q9x-Hcxp24gZCaTTJY-A,Indian,4,161,0.7,0.0
1560,PXTzmqJW7gbK-IkfKBEnFw,French,4,409,0.7,0.0
1561,jUD3vbZS_MGkDk2yfBXZuQ,Middle Eastern,4,62,0.8,1.0
1562,qf9ONR0LAAFZ8fLDRkVHww,French,4,55,0.7,0.0
1563,hmdm-dO72hLsMQwQRcGEUQ,American (New),4,592,0.7,1.0
1564,RQRQOO_CGhj16AIz4KqlQA,Chinese,4,22,0.6,0.0
1565,zscLFr_wQUmSRGkup2YjpA,Mexican,4,66,0.6,0.0
1566,Va_mnsEvBghHXvc7uZIWJQ,Indian,4,555,0.7,0.0
1567,YdAtCf_13UK-uvXuOMrhNg,Chinese,4,156,0.6,0.0
1568,MM5P9cKlzovYLcf5qf2SwQ,Japanese,4,389,0.5,0.0
1569,VpInBiE272MaN1Hi0DA-Zw,Asian Fusion,4,188,0.7,1.0
1570,kFV-XAalWCEZN5VW77_3Hg,Sandwiches,4,161,0.7,1.0
1571,SenZItlZ9eIWNCZ5yB6PdA,Vegetarian,4,7,0.7,1.0
1572,r6r-XK_wL02FQdAgaauTxg,Ramen,4,375,0.6,0.0
1573,g512kssHLLTdDbUJHTmJFw,Chinese,4,26,0.6,0.0
1574,55spA8dSOvKRme3ix-k7gg,American (Traditional),4,910,0.7,1.0
1575,pg2NNr7wQeMo5cJoTYPBRQ,Sandwiches,4,57,0.7,1.0
1576,gQ6DNeLNWQV-zwWyuFeBpg,Chinese,3,149,0.6,0.0
1577,6uPtOyrxXV8y1y8pvLU2pA,Chinese,3,60,0.6,0.0
1578,JaKLZrh1Y_2qB_0Gc3bk3A,Szechuan,3,454,0.5,0.0
1579,ik7LcD1fkzVbVQ6Sntd4LA,Indian,4,143,0.7,0.0
1580,b7uTP_afs5Gkf66K7yDl-w,Chinese,4,15,0.6,0.0
1581,si4n0EtvAl3QisVHoKPOuw,Dim Sum,3,398,0.7,0.0
1582,fgGRIM0b9JGIoNOAnHzROQ,Thai,4,67,0.6,0.0
1583,TeBthQZ2xpxyvXheS08ovw,Sushi Bars,4,467,0.7,1.0
1584,c3D2ckzacnPtdGIM8tb-_w,Pizza,4,995,0.6,1.0
1585,78TCGIG1eHMYdyvMpFdDbQ,Wine Bars,4,132,0.5,0.0
1586,jt6ygaAb0W_o3nWqbr_UjQ,Indian,3,42,0.7,0.0
1587,jzO5HyrTtumHpe-pbUlndQ,Indian,3,188,0.7,0.0
1588,z5z6_y69b_ufy73GZUt7Tg,Food Trucks,3,12,0.7,1.0
1589,-mQG7oEHSAMr9dBDrrqI2g,Indian,3,116,0.7,0.0
1590,--IdKkia9zPNgB-rQreyBQ,Indian,4,27,0.7,0.0
1591,CO3lm5309asRY7XG5eXNgg,Indian,4,334,0.7,0.0
1592,lxNU-aBq0yPwBDx-i89ahA,Indian,4,1122,0.9,0.0
1593,BdHWUmVFuo1R8Lctv4K1Ow,Mexican,4,415,0.6,0.0
1594,fFbbQLGkb8DAtZXWeiC8YA,Creperies,4,10,0.5,0.0
1595,uric708MW7rP8YuaQIG0ig,Italian,4,91,0.6,0.0
1596,bgnM6uy66zupYzb4QdL3vA,Hot Pot,3,120,0.7,0.0
1597,Ece_DRuD1yQjRPJBAebRpw,Ramen,3,272,0.6,0.0
1598,SULHf6nGQ8sK0UpG1XU30w,Tacos,4,1101,0.6,0.0
1599,vec8jeVbbSGzVlStl0Xp_Q,Japanese,4,461,0.5,0.0
1600,rp_TaJRjaNmOCb8vJ2S_sw,Vegan,4,325,0.6,0.0
1601,JbAdL2vOd-8O_Xa2wRktug,Chinese,3,22,0.6,0.0
1602,qEbQbYZxurnuVxDrNHQUJg,French,3,201,0.7,0.0
1603,nrxSzq-VxLqD7aFkE4SH3Q,Japanese,4,601,0.7,1.0
1604,7USPKYeaAfxl0Ch9j_1l7A,Indian,4,432,0.8,0.0
1605,XUYR7XBtPn0cIAn5hCl4Cw,Indian,3,90,0.7,0.0
1606,pDwhlX9jNBGnjvyGR9jYWQ,Lounges,4,362,0.6,0.0
1607,7QNfgCS66llLCsVu_8VOyA,Vegan,4,320,0.6,0.0
1608,wDRgZ1i7xcJ51xgtfO-fxQ,Chinese,3,302,0.7,0.0
1609,bbb6QZReetkrrubqGWJokQ,Mexican,3,464,0.5,0.0
1610,eVZGBIWAmQxiTwVYA0pjWA,Halal,3,5,0.7,0.0
1611,s5JNxy0eAFgxS2Poi73ODw,Chinese,4,180,0.6,0.0
1612,fe1PZT1Fm_qpmlgiRnKuiQ,Bars,3,267,0.6,0.0
1613,Maks_EfVcTOe20TnGQy_MQ,Steakhouses,4,708,0.6,0.0
1614,HD0e3eHwv573qHZOJJitWg,Italian,4,423,0.6,0.0
1615,UGvF4yz_VC3wZ5ylz6NMYw,Bars,3,10,0.7,0.0
1616,IRRhwACUiMaqkBVAZiCzeg,Indian,4,84,0.7,0.0
1617,DeiVNRCo4kw5XUsHbXFkUg,Steakhouses,4,231,0.8,1.0
1618,44SY464xDHbvOcjDzRbKkQ,Ramen,4,9711,0.6,1.0
1619,MfHEjRvZVplBVQyLC4wQOg,Mexican,4,25,0.6,0.0
1620,1gK-0_lGqjxbwiHWcXXdzg,American (New),4,380,0.8,1.0
1621,yxNl-s1wpguz-7BnQ-EbTA,Chinese,3,11,0.6,0.0
1622,tjstlcFtOiXnUU1MAG1uqg,Brazilian,4,317,0.6,1.0
1623,iGIr7N3UlcidQ0FlPBSK4A,Indian,3,86,0.7,0.0
1624,26E3j9l0XW_onVIUP-ThCw,Wine Bars,4,572,0.8,1.0
1625,r-By0Hcu8imVawDfIMwRdg,Sushi Bars,4,3,0.6,0.0
1626,EXFJUuKdtnf4eV1IF1drWQ,Pakistani,3,60,0.6,0.0
1627,9y6UQ2GYKe08-WF_1jTX0A,Indian,4,182,0.7,0.0
1628,5TnBfeoBpxPPwIXMGBMasg,Chinese,4,70,0.6,0.0
1629,RSIboJc3I_PAMuJ058GmrA,Food Stands,4,30,0.7,1.0
1630,x3_DaW2lWCNovheuZV_nAw,Chinese,4,59,0.6,0.0
1631,kB3QyyhHFVyhGgp35Rnuew,Indian,4,839,0.7,0.0
1632,EVH3Y_xhthvSJN-TRtzZFg,Indian,4,1,0.7,0.0
1633,u1KX3yw6L7pg1rbFl_Sx3Q,Mexican,3,127,0.6,0.0
1634,yvhhKv2CDjuJsC4ecG848g,French,3,135,0.7,0.0
1635,m6WOGq7BSB8YPjKoOpNTLQ,Cafes,4,308,0.6,0.0
1636,sLWWrz0iteDNQQJJ21FBUw,Mexican,4,384,0.6,0.0
1637,L6DAp6L1ZJKeeDN2PwoOLQ,Middle Eastern,4,210,0.8,1.0
1638,x4Xptj-YNZ-aGNhn4XyfsA,Indian,4,1,0.7,0.0
1639,d8qCvlsG3jwxQPZc_OGogQ,Japanese,4,382,0.5,0.0
1640,fFkqEyupjc5x2iJQIPcpLw,Wine Bars,4,186,0.5,0.0
1641,flcy6dNr4s12PTv6VtBK9Q,French,4,100,0.7,0.0
1642,CsdS-L70jLn-exz34j8h5Q,French,3,19,0.7,0.0
1643,Tx3pJnxQo00twdxjvjc8Ow,Halal,4,39,0.7,0.0
1644,v0opDMezc6pKgdfR22KUnQ,Szechuan,4,66,0.5,0.0
1645,fSQ3CCtFSJ2S8VXDi02-3Q,American (New),4,454,0.8,1.0
1646,1UqrqRx_35w87pQeg17Gqg,Mexican,3,375,0.6,0.0
1647,bnaeQCoBiQ7a5IfyBkrGCg,Japanese,4,133,0.5,0.0
1648,Tb4aUIIy74xG9wLDEwpxdw,Chinese,3,194,0.6,0.0
1649,TXjvmpAl7otZcuk_7hYZ2g,Asian Fusion,4,9,0.8,1.0
1650,TTwPVEHeSeyFMLF6cik8Lw,Indian,3,196,0.7,0.0
1651,1KGvtMU7VBcdlvxo2brdQg,Indian,4,235,0.7,0.0
1652,sEShqxRbZuWqjXEVCGMK9g,Chinese,3,86,0.6,0.0
1653,DtkyPDGAodq5bAesiFa-JQ,Asian Fusion,3,91,0.7,1.0
1654,7wrFd9tnIBMClzDnrWdSNw,Chinese,4,10,0.6,0.0
1655,2VpurA2lb-q90nmALklNcA,American (New),4,906,0.7,1.0
1656,CcncHLot-nt8qECbw3SNsg,Gluten-Free,4,141,0.7,1.0
1657,hh0ae47ojPqq3USCRLmAjg,Sushi Bars,4,881,0.9,1.0
1658,ATQDTQu3SsCetuG-byzOFg,Moroccan,4,3,0.5,0.0
1659,PBvQjFOcMBn76pb8okbHOg,Chicken Shop,4,60,0.8,1.0
1660,LT0yyLNM84EiJj9DL0rfHA,Bars,4,73,0.6,0.0
1661,egQkevpRi3g-iKrYIlBpGQ,French,4,303,0.7,0.0
1662,Dw0D3560Yt3pQtdm74gGeQ,Bakeries,4,188,0.5,0.0
1663,OmCJH9XPC_Zc9S7CWe__Xw,Szechuan,4,76,0.5,0.0
1664,gNS0joGKALsNXFqKmZuurg,Chinese,3,70,0.6,0.0
1665,flHcoaHEWxACgc-Vk9MsOQ,Japanese,4,149,0.5,0.0
1666,x31Xmdw1ekbG-TdD8hT0_w,Indian,2,216,0.7,0.0
1667,-jSxoTeK6DXEqtEhlj2YFw,Halal,4,4,0.7,0.0
1668,0_ONgLkWOmGnjhCecpZPYQ,Indian,3,58,0.7,0.0
1669,oB-4zuwbICQ0BvuS5D5Mtg,Mexican,5,1,0.6,0.0
1670,HHkTmzDBE9sGWvtSW9Ne8A,Chinese,3,298,0.7,0.0
1671,2Ugmqz5WYg_kACr8pKPrYA,American (New),4,97,0.8,1.0
1672,XipQLDbyTl5tsLlyzAWzug,Mexican,4,641,0.7,0.0
1673,_FhKGcCbiYgtkXcCiwTAiA,Tapas/Small Plates,4,709,0.8,1.0
1674,3R-S958SenPaaveuPzSN9g,French,4,276,0.7,0.0
1675,Kqb7MjTPNkjPMoFRd-rWpw,Chinese,4,523,0.6,0.0
1676,NHoKf98A1Hi8htHEfeptgw,Indian,3,142,0.7,0.0
1677,ikx8R8u2lmxhpLGByCjgPw,Cantonese,4,34,0.5,0.0
1678,GafVAOtTmzjiC9B8jKPm_g,Indonesian,3,159,0.7,1.0
1679,NOh24SMS6k4pzNv8Ds7KDg,Cuban,4,3089,0.7,1.0
1680,hQ1WItXONlYKd3yzDUPBYQ,Dim Sum,3,50,0.7,0.0
1681,-DT3bduqJca_u3DGDarUkw,Indian,2,9,0.7,0.0
1682,-pab00ajP_NS1KGfILveYA,Sushi Bars,4,392,0.7,1.0
1683,kwqOmEwWJ0D9PyCdFGE3-g,Chinese,4,652,0.6,0.0
1684,v6T5UgEnKdJneY0cO0nSoA,Indian,4,8,0.7,0.0
1685,WI_AYZSW8ds1GjFq3PQJRA,Wine Bars,4,622,0.8,1.0
1686,dMhRafXdr765DHe0k-QfaQ,American (New),4,2863,0.6,1.0
1687,74FFOreAgPphSwSZlfZzgw,Gastropubs,4,583,0.8,1.0
1688,IfIyjm4SfORGYPbaAWST3g,Mexican,4,362,0.6,0.0
1689,_PJ_XVxkiStr04GkpWXSVA,Food Trucks,3,31,0.7,1.0
1690,48bFNXISuqFzkAG3Iak8Gg,Chinese,4,10,0.6,0.0
1691,ItZ8CzZAGXGjB8_9HxDIXg,Chinese,3,108,0.6,0.0
1692,hG1H6NRQvWQkr7OeTFqDSw,Indian,3,99,0.7,0.0
1693,MCnexHfsclcOpLHS4_2U0A,Italian,4,172,0.6,0.0
1694,DhBhEWMVLDxYF14a1znUvA,Bars,4,240,0.6,0.0
1695,FBB7VTxx3gwsXwEUNRt6lg,Brasseries,4,13,0.7,1.0
1696,7lztzQTF79er1RydVnPiDg,Kosher,3,190,0.7,0.0
1697,zuiEL6WWZ0OXGS5whWfqGA,Japanese,4,460,0.5,0.0
1698,-7iUpGTNDdy4WjxLGYp-_g,Italian,4,108,0.6,0.0
1699,bVkjBJlAIwKAj9Aw1KVWjA,Dim Sum,4,982,0.5,0.0
1700,h9rymMeMUMOxQ9d93U0YDg,Italian,4,583,0.7,0.0
1701,LF2_slTY37P0Ua8vI4Hr5g,French,4,345,0.7,0.0
1702,E_oFzRY-7j9T04qHkORCsw,Mexican,3,156,0.6,0.0
1703,mlJpfJMCS_bFnR5cWX6DTg,Sushi Bars,4,219,0.6,1.0
1704,3FCxi2imtP_wMgsgsqIQOw,Italian,3,239,0.6,0.0
1705,00mykkev3tKCjTsKV60yOA,Sushi Bars,4,650,0.7,1.0
1706,uA0ua1WnE43E0PrQxni65g,French,3,167,0.7,0.0
1707,CqQ2Og9kf-LhlUWtODalCQ,Sushi Bars,4,716,0.7,1.0
1708,QaXo7ZhglTcSWHLQ8QNY4A,Pakistani,4,27,0.5,0.0
1709,dOQjniOt57mI9l9CmrCSJQ,Indian,4,103,0.7,0.0
1710,HsEK7jGmzI7KP1e0N_6uQw,Indian,5,30,0.7,0.0
1711,R7MDZP5G374JA1-kaR2CLw,Indian,4,81,0.7,0.0
1712,jeJfYLekXo3yxUpDfNukyQ,American (New),4,309,0.8,1.0
1713,mt4KWnuakQLhJ6NhgbXqVA,Bakeries,3,6,0.5,0.0
1714,NiFmuqLM-apdMX_jBPVIgw,Tapas Bars,4,193,0.6,1.0
1715,GfC7pvsvhZX4-QAeZ3z_Vg,Sushi Bars,4,222,0.6,1.0
1716,gHw2LnjgqyJclvlOjISv6g,Indian,3,25,0.7,0.0
1717,GsUOi6XcuMRZ4UT_zfuixQ,Indian,3,1,0.7,0.0
1718,nw5_0jb_u2a6nUt4Je09Xg,American (New),4,198,0.8,1.0
1719,RRg3P3NsYzutXn5M6mluxw,Indian,3,46,0.7,0.0
1720,JbpjgLAk4DaP0zvY7dP9Hw,American (New),3,498,0.8,1.0
1721,ur679FKjXosJ1VnddICDiw,Japanese,4,27,0.5,0.0
1722,61H9oV-8y6EMZdcKnQc-jA,Afghan,3,238,0.7,0.0
1723,WV4wYPAGb3W69MfBqIZDHg,Mexican,4,54,0.6,0.0
1724,GrxbGiLMkl1jd665k1lbIQ,Chinese,4,9,0.6,0.0
1725,Pr-q47vsmM4aoc2t_Sfk8w,American (New),4,110,0.8,1.0
1726,LpVbI-E9C-CSp7WhU5h2Iw,Seafood,4,494,0.5,0.0
1727,JL_p-OHtSEYVfoeLQQgqDA,Wine Bars,4,885,0.8,1.0
1728,nlmFAz_93gjSUfmvmv8Tog,French,4,595,0.7,0.0
1729,HTZ9GOR_Cylt6bxG55co7Q,French,2,210,0.7,0.0
1730,aM4h2RwyHyngSDehB_qq3g,Indian,3,171,0.7,0.0
1731,VvsZAnEwU4c8Xkyrzx05Nw,Korean,4,319,0.7,0.0
1732,bacGm8cL-vUPHdR18_M7bw,Chinese,3,80,0.6,0.0
1733,WkN7pVHWEXpHJrIS1ohXUA,Indian,4,143,0.7,0.0
1734,xN4yKQMzo3PIoQlFamUOLQ,Tacos,3,162,0.7,0.0
1735,PwrYnl3j3YCGzILX_5UHpw,Japanese,4,74,0.5,0.0
1736,_0MvItPbaQ3A-pP3GWHI1Q,Chinese,4,3,0.6,0.0
1737,kQa2W0D84lwO31QgUPoOLA,Japanese,4,150,0.5,0.0
1738,CgYWuNH0UHd5vp2vGgKflw,Noodles,4,102,0.6,0.0
1739,KDr72efaFAcQXccdA4yoaw,Caribbean,4,16,0.5,0.0
1740,43r4ynjeIZeQI1w7SWARuQ,Thai,4,541,0.6,0.0
1741,mZALre3ahuetu5X8_uUJew,Indian,4,444,0.7,0.0
1742,tvqtAjAyc7dplVVwhw3VZQ,Mexican,4,140,0.6,0.0
1743,cJREPXNhyznkLrKhjg9hoA,French,4,393,0.7,0.0
1744,IVjpsmmsgc42k9K2RZR3Qg,French,4,131,0.7,0.0
1745,oy_FqW6XO8S06pg6nHbhog,Ramen,4,139,0.7,0.0
1746,PYcL2z9gHj6-ZTlViT9Nqw,French,4,2085,0.6,1.0
1747,9DceMTrjyVqBgQRqgR6GWw,Vegetarian,4,1642,0.5,0.0
1748,t7BIiUN0tFg33kySuuQ0aQ,Sushi Bars,4,308,0.7,1.0
1749,aK2ipD9K8-usBw_gkvvJuw,Sushi Bars,4,296,0.7,1.0
1750,C6f_MQaRwIbJ8diailVaCA,French,5,88,0.7,0.0
1751,LfRiA6RORToZUSJUHkZBVA,Italian,4,747,0.6,0.0
1752,Gd3_3mxOvj2xYiqysV8rbQ,Chinese,4,1556,0.5,0.0
1753,uzOHuCmbnctOfttjNC7wDg,Wine Bars,5,4,0.5,0.0
1754,UtknyDJ_DPut-FKRqs0wpQ,Halal,5,256,0.6,0.0
1755,j0n_poMVZnODYOFviLbh0Q,Vegetarian,4,1470,0.6,0.0
1756,pb_cHcy8D8UC-jQ-Q524ug,Asian Fusion,4,156,0.7,1.0
1757,U74_3F7r3tMhd6dmTmDBxQ,Asian Fusion,4,709,0.6,0.0
1758,CK1DFE8o2Iuk_csJZ2V1jQ,Buffets,3,6,0.6,0.0
1759,7lhmzhkct9-blnuBAp_HVQ,Thai,4,362,0.5,0.0
1760,9BzRiWO6PSdR-l3dzCm3VA,Tapas Bars,4,411,0.7,1.0
1761,ZWPgzW0qqtksyI3GxCPM-Q,French,4,171,0.7,0.0
1762,Dqu-5RxNbbpBsL1Ssht9Ng,Noodles,4,166,0.6,0.0
1763,IDEq8v88W58i2QZuNFjl-w,Indian,3,186,0.7,0.0
1764,zBButa4blgIhHru9B2qMrw,French,3,163,0.7,0.0
1765,8mNN98-kejLAJLR9p7_mvQ,Indian,2,18,0.7,0.0
1766,WBJLoLeRSSzRDrzOv5IRng,Indian,2,3,0.7,0.0
1767,RXGa5YeRxilvUQFmbFPopQ,Bars,5,38,0.6,0.0
1768,S3dtt6qNyYfdF-I4rZTbXw,Indian,3,20,0.7,0.0
1769,XiIBASyS65DX3E_staW0JQ,Chinese,4,358,0.6,0.0
1770,qGgQMVExGERqGhZNDM2ROg,Szechuan,3,485,0.7,1.0
1771,I2Y3_18dUz0CaSzsx_x7Ag,Indian,4,108,0.7,0.0
1772,AJjQwst3ppWZ9BCfk-tQPA,Indian,4,1,0.7,0.0
1773,AeLz0uoZH3hxmkcXlwUIGg,Chinese,3,100,0.6,0.0
1774,KJTTqIxuB0BEsYxLaYyAZw,Japanese,4,327,0.5,0.0
1775,U0SmczzYhahOeRxftjBPSg,Chinese,3,128,0.6,0.0
1776,5xk_sMKB5S-uo_6mgJqA9A,Indian,3,95,0.7,0.0
1777,sUVRmTS3gwZtdDbjA5TPpA,Indian,2,8,0.7,0.0
1778,nQfPwIasXCi8NwNKq65vfw,Indian,4,107,0.7,0.0
1779,43y93456fzLVTF7LdlZikw,Bakeries,4,469,0.5,0.0
1780,5yEX566DCppdRBcd_c1jvA,Himalayan/Nepalese,4,79,0.8,1.0
1781,l2b6HJGarUxoeLnM9syTmg,Wine Bars,4,105,0.5,0.0
1782,yFub1BhKEP-W-_ZM3_nJoQ,Vegan,4,302,0.6,0.0
1783,dtk1Cstz5MHr-B1AOM_nXA,Japanese,4,1108,0.6,0.0
1784,4J2Z8dqPUC9yRpFXBgABkA,American (New),4,137,0.8,1.0
1785,t6PzD4uzBOfyCLcd_lT8cQ,Indian,4,29,0.7,0.0
1786,54hPnm8Z4rJST1CZWaOznw,Mexican,4,545,0.6,0.0
1787,6FZf17rNThWKoF4EU18wnw,Japanese,4,277,0.5,0.0
1788,9w3zIx0-n7qPLQynU8saHA,Wine Bars,4,118,0.5,0.0
1789,lIE4KHySIenwPbta1JuM8Q,Indian,4,160,0.7,0.0
1790,LyQbiCA-3mXqR6WhO-3s8A,Cocktail Bars,4,13,0.8,1.0
1791,xGQ26ijvBi9DKVVG7DQOlA,French,4,313,0.7,0.0
1792,S6r0P0PItA9EYHV1nCiQgg,Food Trucks,4,350,0.8,1.0
1793,31K2IfTO2iQkgJ5hSY-Gbg,Szechuan,4,166,0.5,0.0
1794,kwq1W0opBnOYKoUXWYyQ5g,Japanese,4,108,0.5,0.0
1795,pgGT9m03pNI15Ag2pAdY1Q,Indian,4,302,0.7,0.0
1796,qEe7nIhPfEL6L0-VYhWRrA,Japanese,4,209,0.5,0.0
1797,wG8HWutaTh8TKS4R586-5A,Asian Fusion,4,15,0.8,1.0
1798,QsujlS_gBXtR6SQjWl02Ew,Indian,2,14,0.7,0.0
1799,U0EJ4URMoFHJEzAkMp4WWQ,Chinese,2,141,0.6,0.0
1800,x7apQYW3lRYo0D7Fv3q3FQ,Indian,4,5,0.7,0.0
1801,_haIj6t4bGOmbIl3xtihpg,Asian Fusion,4,209,0.7,1.0
1802,dJmC6GmMgX3VLSdaLhcJdg,Indian,3,204,0.7,0.0
1803,9dikwBwukRl26W6Jqo09nQ,Ramen,4,241,0.7,0.0
1804,jb-Fe1cC3ZARF9xyFvJQYQ,Indian,3,152,0.7,0.0
1805,SYTBg4SzYuZxrxK3YDU2xg,Kosher,4,235,0.7,0.0
1806,T1CRoZ-f-hwrjdkBvt7_kg,Indian,4,133,0.7,0.0
1807,p7Dj6-OEWfFTP_o_MsJyxw,Indian,4,1,0.7,0.0
1808,NXjCypQNl7tBrdR3gkFqdg,Mexican,4,110,0.6,0.0
1809,_t0sNRN5yfj1nEopg2bwwg,Indian,3,2,0.7,0.0
1810,9f6chaCx20d1A0Abo6NzUw,French,4,45,0.7,0.0
1811,fKCbpU4CUazTwg3wgceHnQ,Indian,3,8,0.7,0.0
1812,RUfsaabXoeH_FDKS8ocWjA,Wine Bars,4,210,0.5,0.0
1813,xEnNFXtMLDF5kZDxfaCJgA,Food Stands,4,9150,0.6,1.0
1814,97q5nUQTuBo_h00XCxna2A,Chinese,4,1501,0.6,0.0
1815,hpRrYBbKUqv8ewFKDjbjoA,Italian,4,203,0.6,0.0
1816,qZgRPGUl01ldRuTd6pSOnA,Indian,3,238,0.7,0.0
1817,yj4culC4vfNKWXdj5ZxJ4Q,Japanese,4,137,0.5,0.0
1818,FeSZi6LBCcAIipoSua6dXg,Mexican,3,113,0.6,0.0
1819,wm10mMj_41_-l_gRhRH3TA,Indian,4,410,0.8,0.0
1820,VW2Epq3C8jqysu6Edpu-RA,Chinese,4,71,0.6,0.0
1821,5UqEDoMZCrvhSKgCWg5GGw,Japanese,4,141,0.5,0.0
1822,NVCLcLa_7LMEJipAQmNlZw,Indian,4,176,0.7,0.0
1823,K6ik5ceZaea55wXnmHWz0Q,French,4,186,0.7,0.0
1824,8xDbEfYXuPwi-94LLcb22A,Chinese,3,78,0.6,0.0
1825,Pqp4dGeEwCG1cH9mZq2rJA,Indian,5,1,0.7,0.0
1826,54om5q7V4anmIXw2PdNJbA,Chinese,4,31,0.6,0.0
1827,bpeeh-kkay0ZE7mGXsCVKQ,Japanese,4,138,0.5,0.0
1828,sng5ejEyAA22ncDwxdu2lw,Indian,3,137,0.7,0.0
1829,1F0Msl92xYTctkifFYwVCQ,Indian,4,7,0.7,0.0
1830,AKaO-EaJ8EgUnx5EPZ8N4g,Caribbean,3,121,0.5,0.0
1831,FXgSgiLg6xgOO8zrG51mzg,Mexican,4,122,0.6,0.0
1832,q-QEwZi32JCnjb7zbY-PQw,Korean,4,76,0.7,0.0
1833,YMh3vH--fzLqiOAyL_3T5w,Japanese,4,279,0.5,0.0
1834,OWAfPuMnSqn7Ru1_RNH8fw,Italian,3,341,0.7,0.0
1835,Tt9Mkrgd5Zj_ZJEeU0L7Gg,American (New),3,429,0.8,1.0
1836,Y1s36Tk63HIzAc76X_fAiQ,Dim Sum,3,499,0.7,0.0
1837,1ckkPS7KtGSu_xXXWKcbvQ,Indian,4,157,0.7,0.0
1838,dzI6MzwKbrhJN5dEeUbX0w,Mediterranean,4,604,0.7,1.0
1839,Hoq8s-NePq6_3QxJhR7oNA,Breakfast & Brunch,4,256,0.8,1.0
1840,v8tuFxvNkKdZytWTn9BhMA,Mexican,3,308,0.7,0.0
1841,40FNE4hvcOrFpA60-GyU1A,Mediterranean,1,2,0.8,1.0
1842,RYKGs45OjF-vlb2Ds2Jb_g,Beer Bar,4,51,0.6,0.0
1843,q1uIqB8PvyCCX8TajaRYBg,Desserts,4,1237,0.6,1.0
1844,OfqANzeWRlZrdHQuG7pI0w,Chinese,3,164,0.6,0.0
1845,8YMplA3OLfE8uBSai6cF7A,Food Stands,3,10,0.7,1.0
1846,w2-VGvlBCMYo9ko8Y_PzAw,Indian,4,92,0.7,0.0
1847,d6i6sGHtPmyUkHze5S1lIQ,Chinese,4,29,0.6,0.0
1848,lgS9lE0Y9FhzT68zCj5QCw,Chinese,3,200,0.6,0.0
1849,pGr5QuQU7Ur5GHLvXbT8bw,Pizza,4,1163,0.6,0.0
1850,0BcydXe2sU0aPwSRAq3zgw,Halal,4,67,0.7,0.0
1851,3kq1_dUIPrA6BFTuX-M6mw,Chinese,4,31,0.6,0.0
1852,kYJbGSjyXocbRrgMV-zExg,Chinese,3,117,0.6,0.0
1853,Gol6yMg-EYy2-unPykGXvg,Indian,3,7,0.7,0.0
1854,_fZQDgmasvWBtCTj9583lg,Chinese,4,10,0.6,0.0
1855,DjLxykRuP8OFtGtPPZpfdQ,Latin American,4,86,0.8,1.0
1856,WRPJeH3goSpj5ke3Pkrnfw,Chinese,4,184,0.6,0.0
1857,t-ODuKsmRseJoTEVKQzsdg,French,4,805,0.8,0.0
1858,hswirO2tzhjdopGrjEE3xg,Indian,4,13,0.7,0.0
1859,atFUpFBD3QKUxjXzSaWbmQ,Bakeries,3,92,0.5,0.0
1860,XDFrK9kelRfGcQvBN3O1OA,Indian,3,118,0.7,0.0
1861,tN37MOvqzrmpU0h0PfoDmw,Indian,3,465,0.7,0.0
1862,zqyGYIiCXL1Hz8KVZxbylQ,Vietnamese,4,231,0.7,1.0
1863,MAjVFhRwxbOsMHLkObzh4Q,Indian,3,97,0.7,0.0
1864,jtG2vc_qkBOwcaxFBYfYZA,Wine Bars,3,328,0.5,0.0
1865,oYiswrz5gNiZBsd3QUR9LQ,Afghan,3,81,0.7,0.0
1866,JuP4192zOiVFyPXPuc8EtQ,Indian,4,21,0.7,0.0
1867,BPxh-xVN8PLIDN8Df3GzlA,Barbeque,4,212,0.5,0.0
1868,EgxnURDBkeKXV9rKzHrJLA,Indian,3,121,0.7,0.0
1869,Itg3FiXNyf9NXKegy46Lwg,Uzbek,4,101,0.8,0.0
1870,Lrob6V2y76p-hab8OSpxPw,Brasseries,2,100,0.7,1.0
1871,DOa_Hm5HHT99GOvlhbydaQ,Cajun/Creole,4,188,0.7,1.0
1872,lIXVm16VchbDXOf7v4hxMA,Indian,3,288,0.7,0.0
1873,JUPxlDVMxuRSsqMcH6RCVg,Japanese,4,1519,0.5,0.0
1874,5sG_S51rleFhCKLgQpXc_g,Chinese,3,63,0.6,0.0
1875,YTzWgctWFVyw_07NPTnDNA,Indian,3,12,0.7,0.0
1876,UTsBON3O7wIKWupchuhRug,Indian,1,1,0.7,0.0
1877,O5MN8tijDGzJS8uin9zQ2Q,Indian,3,185,0.7,0.0
1878,0dDCDQz7DrKkSvu9h2hcQw,Chinese,4,236,0.7,0.0
1879,k1XZsff99d2JyX_jLwCaAA,Indian,4,320,0.7,0.0
1880,hKKDfUPcDX_c-RCWBMOr1w,Indian,4,369,0.7,0.0
1881,-Bh1oJYcf7XmmznR91jX_A,Chinese,4,31,0.6,0.0
1882,7k2uvrFxOoBwV7c2m0UBNw,Indian,3,218,0.7,0.0
1883,blDT9_3bnnWAwtBAODIENA,Middle Eastern,4,77,0.8,1.0
1884,3qIISjUYn1tbqHXi7nCLXg,Italian,4,612,0.7,0.0
1885,ODpSYoZ8fkaX3UaDzBLhsg,Indian,4,178,0.7,0.0
1886,R0FryAIetxATjdYwOdy1aQ,Indian,2,75,0.7,0.0
1887,wcwftlB-61XG4ymGTR61aw,Japanese,4,602,0.7,1.0
1888,elLwg1PVFUEnoyKpzMP8DQ,Indonesian,4,102,0.7,1.0
1889,rL5F8YnQq9SY0hyece4W2w,Food Stands,3,179,0.7,1.0
1890,3y_-DwmoM198umnZHSOmKQ,Cocktail Bars,4,49,0.8,1.0
1891,9-vKFnUby_6-pR6UJxjzMw,Chinese,4,160,0.6,0.0
1892,AxalkZb61r5Ks7l1yhhIHQ,Szechuan,3,188,0.5,0.0
1893,VzstANC68PM1BbyOcDXEtw,Japanese,4,252,0.5,0.0
1894,HhOu55Tw7IuUL3h65GF25A,Creperies,3,124,0.6,0.0
1895,YMMzKiyXHhltXIqy2sMiAA,Halal,4,72,0.7,0.0
1896,X8ZS-dgiMIJvhwf9SaDnjw,Chinese,4,1175,0.6,0.0
1897,r_QEUVdoo8dsKR9fK31w3w,African,4,35,0.6,0.0
1898,V4C5SzWmNkgPMjiCfEZ41g,Indian,3,88,0.7,0.0
1899,yNC4kI9Md0Csd6zqr3oeFw,French,3,233,0.7,0.0
1900,XNJgKHavBZm47RpudtAn3A,Pakistani,3,80,0.6,0.0
1901,7YsZno_m9TQqKd-DHpttuw,French,3,243,0.7,0.0
1902,8soP-zjZsslrb5egCkRDvQ,Indian,3,143,0.7,0.0
1903,7f-oylSG7GlfPRbfWo99LA,Indian,3,45,0.7,0.0
1904,lv0qUfiaHPXKO8lfYu6R4g,Food Trucks,3,34,0.7,1.0
1905,JSX6Pk56w4BhgO8eSvCrKg,Indian,4,220,0.7,0.0
1906,p2eGvP8uEeSAZx2v5XxNgQ,Bars,4,227,0.6,0.0
1907,i34wlziIjT8lHgUN1o0ToQ,Pubs,4,341,0.6,0.0
1908,OsA5iRphHwPlYNhdddvBng,Wine Bars,4,158,0.5,0.0
1909,YMtQ5NZY3WUn3tetby6Uog,Persian/Iranian,4,288,0.9,1.0
1910,VDbMrjBq-XAKZTS_cgB9_A,Japanese,3,65,0.5,0.0
1911,hlbihpX8g_mL5A2Wjj8unw,Bakeries,2,7,0.5,0.0
1912,RdcqVP_xjxQEbNRMYccBQw,Indian,3,117,0.7,0.0
1913,E6Y4ICdoqtYkFilRLfrOHA,French,4,593,0.7,0.0
1914,5iKAeJ8RVrNGRUNy-355jQ,Indian,3,346,0.7,0.0
1915,bnDfFdiCcPzhuNWUJORvLQ,Chinese,4,949,0.7,0.0
1916,DSlcT4Jpg-WUYzl12tjndA,Desserts,4,10,0.5,0.0
1917,84zvcPTAVCsSVtzCUtSDtA,Chinese,3,968,0.6,0.0
1918,W5j4EA1fDT3EKdXdKABG3Q,Spanish,4,320,0.6,0.0
1919,1TJOTRt9Ws1vHh-zKNZmsw,Indian,3,57,0.7,0.0
1920,zjglOaCY8xQu3s2eKnLFzw,Italian,4,236,0.6,0.0
1921,pxtno4adrYTjyQsxngTj9A,Italian,4,620,0.6,0.0
1922,ezh0BG1qWKKLJa99gb-XzQ,Szechuan,4,35,0.5,0.0
1923,ED2I3t5rOf81cddCsLA4tw,Wine Bars,4,269,0.5,0.0
1924,LJntAPKObO0OfydYm3_bzQ,Chinese,4,31,0.6,0.0
1925,2jHud9AFiBYLrPlmz0UyqA,Indian,4,9,0.7,0.0
1926,NDxfIV_QMyXaj4Oa4azXTg,Indian,4,20,0.7,0.0
1927,B7bxdtvLYR7Nmex4AIFd4w,Dim Sum,3,560,0.6,0.0
1928,XmnwShjbRtzrQb8oyVEOPA,Sandwiches,2,99,0.7,1.0
1929,DodCeSN_hkXCJDoJ0uVxKg,American (New),4,459,0.8,1.0
1930,66T7rXIZvcVg7XicY6QObg,Modern European,4,186,0.8,1.0
1931,vPbJRg5umcRMELTDsJik_A,Chinese,3,36,0.6,0.0
1932,KCBfW6sWl9Gx-LvMff08jg,Italian,4,1071,0.8,0.0
1933,YM5AbOOg-TjuHJrQmfd0Hw,Indian,3,288,0.7,0.0
1934,llzZ19xTIrueN5XBZi4zWg,Food Trucks,4,49,0.7,1.0
1935,CxvXmplrCyvnHIGDrNKRyg,Pakistani,5,1,0.5,0.0
1936,MP8Ey2ezsDCSowR-1X6hKg,Indian,3,203,0.7,0.0
1937,UiDSGiaTRot8xVSWd-CRkQ,French,3,245,0.7,0.0
1938,98Bm2w9RzNJQZo4U3jSgQQ,Mexican,4,84,0.6,0.0
1939,zBf-m72ATTPTey-_9vu3Yw,Vegan,4,1182,0.6,0.0
1940,8XHbZIKDQbXhyKIGiukVeQ,Steakhouses,4,457,0.8,1.0
1941,bDsXyYwzk4I9_7l51D_gaA,Chinese,3,159,0.6,0.0
1942,oWmHgBlcY9yNgjUo7mNX4Q,Indian,3,4,0.7,0.0
1943,lQ8Fzgji9qmgRXkFcvAsVQ,Chinese,4,266,0.7,0.0
1944,YCen62jqSWhPOAorQjSZdQ,Chinese,3,91,0.6,0.0
1945,y8JSKjpWeQg8vzm5wovOwQ,Shanghainese,3,219,0.8,1.0
1946,iU0McmYWdsnD-NKRUZXhQQ,Indian,3,36,0.7,0.0
1947,QqhZ92fhT70QF6cgzRZ54Q,Indian,4,49,0.7,0.0
1948,VWErTDzcg23iiohqyc1AQQ,Italian,4,211,0.6,0.0
1949,NFaLwGDXQxJmexrU6U__vA,Wine Bars,3,136,0.5,0.0
1950,iHiEMvbpLzNYTMsd5-VnQw,Soul Food,4,316,0.5,0.0
1951,HSlEzWSQbN0vRqIpN5WOZA,Indian,4,13,0.7,0.0
1952,JX5QkNfMd-jP-Nz5iQ_QeA,Thai,4,14,0.7,0.0
1953,rkeH5HJIuX7ZcOaYNum9xA,Cantonese,3,195,0.6,1.0
1954,BKABojUN3G9vUrG3AlDZgQ,Asian Fusion,3,134,0.7,1.0
